official_json_row_1based,group,fig,control,shift,condition,channel,direction,status_in,data1_in,status_out,data1_out,decoded_actions,implementation,finding
1,BROWSER,B1-L,Rotary Selector,,,7,IN,B6,40,,,browse,動作経路あり,デコーダーからruntime/UI処理あり。公式機能との完全同等性・実機音声/LEDはこの監査では未検証。
2,BROWSER,B1-L,Rotary Selector,+SHIFT,,7,IN,B6,64,,,zoom,動作経路あり,デコーダーからruntime/UI処理あり。公式機能との完全同等性・実機音声/LEDはこの監査では未検証。
3,BROWSER,B1-L,Rotary Selector,,DECK 1,7,IN,96,46,,,load,動作経路あり,デコーダーからruntime/UI処理あり。公式機能との完全同等性・実機音声/LEDはこの監査では未検証。
4,BROWSER,B1-L,Rotary Selector,+SHIFT,DECK 1,7,IN,96,5D,,,,未デコード,公式入力を渡してもアクションなし。
5,BROWSER,B1-L,Rotary Selector,,DECK 3,7,IN,96,48,,,load,動作経路あり,デコーダーからruntime/UI処理あり。公式機能との完全同等性・実機音声/LEDはこの監査では未検証。
6,BROWSER,B1-L,Rotary Selector,+SHIFT,DECK 3,7,IN,96,5E,,,,未デコード,公式入力を渡してもアクションなし。
7,BROWSER,B1-R,Rotary Selector,,,7,IN,B6,40,,,browse,動作経路あり,デコーダーからruntime/UI処理あり。公式機能との完全同等性・実機音声/LEDはこの監査では未検証。
8,BROWSER,B1-R,Rotary Selector,+SHIFT,,7,IN,B6,64,,,zoom,動作経路あり,デコーダーからruntime/UI処理あり。公式機能との完全同等性・実機音声/LEDはこの監査では未検証。
9,BROWSER,B1-R,Rotary Selector,,DECK 2,7,IN,96,47,,,load,動作経路あり,デコーダーからruntime/UI処理あり。公式機能との完全同等性・実機音声/LEDはこの監査では未検証。
10,BROWSER,B1-R,Rotary Selector,+SHIFT,DECK 2,7,IN,96,6D,,,,未デコード,公式入力を渡してもアクションなし。
11,BROWSER,B1-R,Rotary Selector,,DECK 4,7,IN,96,49,,,load,動作経路あり,デコーダーからruntime/UI処理あり。公式機能との完全同等性・実機音声/LEDはこの監査では未検証。
12,BROWSER,B1-R,Rotary Selector,+SHIFT,DECK 4,7,IN,96,6F,,,,未デコード,公式入力を渡してもアクションなし。
13,BROWSER,B2-L B2-R,BACK,,,7,IN,96,65,,,back,動作経路あり,デコーダーからruntime/UI処理あり。公式機能との完全同等性・実機音声/LEDはこの監査では未検証。
14,BROWSER,B2-L B2-R,BACK,+SHIFT,,7,IN,96,66,,,browseView,動作経路あり,デコーダーからruntime/UI処理あり。公式機能との完全同等性・実機音声/LEDはこの監査では未検証。
15,BROWSER,B3-L B3-R,VIEW,,,7,IN,96,7A,,,browseView,動作経路あり,デコーダーからruntime/UI処理あり。公式機能との完全同等性・実機音声/LEDはこの監査では未検証。
16,BROWSER,B3-L B3-R,VIEW,LONG,,7,IN,96,67,,,,未デコード,公式入力を渡してもアクションなし。
17,BROWSER,B3-L B3-R,VIEW,+SHIFT,,7,IN,96,68,,,related,動作経路あり,デコーダーからruntime/UI処理あり。公式機能との完全同等性・実機音声/LEDはこの監査では未検証。
18,DECK,D1-L D1-R,PLAY/PAUSE,,,1/2/3/4,IN/OUT,9n,0B,9n,0B,play,動作経路あり,デコーダーからruntime/UI処理あり。公式機能との完全同等性・実機音声/LEDはこの監査では未検証。
19,DECK,D1-L D1-R,PLAY/PAUSE,+SHIFT,,1/2/3/4,IN/OUT,9n,47,9n,47,play,動作経路あり,デコーダーからruntime/UI処理あり。公式機能との完全同等性・実機音声/LEDはこの監査では未検証。
20,DECK,D2-L D2-R,CUE,,,1/2/3/4,IN/OUT,9n,0C,9n,0C,cue,動作経路あり,デコーダーからruntime/UI処理あり。公式機能との完全同等性・実機音声/LEDはこの監査では未検証。
21,DECK,D2-L D2-R,CUE,+SHIFT,,1/2/3/4,IN/OUT,9n,48,9n,48,start,動作経路あり,デコーダーからruntime/UI処理あり。公式機能との完全同等性・実機音声/LEDはこの監査では未検証。
22,DECK,D3-L D3-R,JOG (Platter),,Vinyl On,1/2/3/4,IN,Bn,22,,,jog,動作経路あり,デコーダーからruntime/UI処理あり。公式機能との完全同等性・実機音声/LEDはこの監査では未検証。
23,DECK,D3-L D3-R,JOG (Platter),,Vinyl Off,1/2/3/4,IN,Bn,23,,,jog,動作経路あり,デコーダーからruntime/UI処理あり。公式機能との完全同等性・実機音声/LEDはこの監査では未検証。
24,DECK,D3-L D3-R,JOG (Platter),+SEARCH,,1/2/3/4,IN,Bn,29,,,searchJog,動作経路あり,デコーダーからruntime/UI処理あり。公式機能との完全同等性・実機音声/LEDはこの監査では未検証。
25,DECK,D3-L D3-R,JOG (Platter),+SHIFT,,1/2/3/4,IN,Bn,1F,,,jog,動作経路あり,デコーダーからruntime/UI処理あり。公式機能との完全同等性・実機音声/LEDはこの監査では未検証。
26,DECK,D3-L D3-R,JOG (Platter),,,1/2/3/4,IN,9n,36,,,touch,動作経路あり,デコーダーからruntime/UI処理あり。公式機能との完全同等性・実機音声/LEDはこの監査では未検証。
27,DECK,D3-L D3-R,JOG (Platter),+SHIFT,,1/2/3/4,IN,9n,67,,,touch,動作経路あり,デコーダーからruntime/UI処理あり。公式機能との完全同等性・実機音声/LEDはこの監査では未検証。
28,DECK,D3-L D3-R,JOG (Platter),,,1/2/3/4,IN,Bn,21,,,nudge,動作経路あり,デコーダーからruntime/UI処理あり。公式機能との完全同等性・実機音声/LEDはこの監査では未検証。
29,DECK,D3-L D3-R,JOG (Platter),+SHIFT,,1/2/3/4,IN,Bn,26,,,searchJog,動作経路あり,デコーダーからruntime/UI処理あり。公式機能との完全同等性・実機音声/LEDはこの監査では未検証。
30,DECK,D4-L D4-R,Tempo,,,1/2/3/4,IN,Bn,00 20,,,tempo,動作経路あり,デコーダーからruntime/UI処理あり。公式機能との完全同等性・実機音声/LEDはこの監査では未検証。
31,DECK,D4-L D4-R,Tempo,+SHIFT,,1/2/3/4,IN,Bn,05 25,,,tempo,動作経路あり,デコーダーからruntime/UI処理あり。公式機能との完全同等性・実機音声/LEDはこの監査では未検証。
32,DECK,D5-L D5-R,MASTER TEMPO,,,1/2/3/4,IN/OUT,9n,1A,9n,1A,keylock,動作経路あり,デコーダーからruntime/UI処理あり。公式機能との完全同等性・実機音声/LEDはこの監査では未検証。
33,DECK,D5-L D5-R,MASTER TEMPO,+SHIFT,,1/2/3/4,IN/OUT,9n,60,9n,60,tempoRange,動作経路あり,デコーダーからruntime/UI処理あり。公式機能との完全同等性・実機音声/LEDはこの監査では未検証。
34,DECK,D6-L,DECK SELECT 1/3,,DECK 3,1,IN,92,72,,,deckSelect,原典矛盾・部分,押下deckのactivateのみ。原典の72 status矛盾は実機で未確定、切替先1/3・2/4を区別する動作なし。
35,DECK,D6-L,DECK SELECT 1/3,,DECK 1,3,IN,92,72,,,deckSelect,原典矛盾・部分,押下deckのactivateのみ。原典の72 status矛盾は実機で未確定、切替先1/3・2/4を区別する動作なし。
36,DECK,D6-R,DECK SELECT 2/4,,DECK 4,2,IN,93,72,,,deckSelect,原典矛盾・部分,押下deckのactivateのみ。原典の72 status矛盾は実機で未確定、切替先1/3・2/4を区別する動作なし。
37,DECK,D6-R,DECK SELECT 2/4,,DECK 2,4,IN,93,72,,,deckSelect,原典矛盾・部分,押下deckのactivateのみ。原典の72 status矛盾は実機で未確定、切替先1/3・2/4を区別する動作なし。
38,DECK,D7-L D7-R,BEAT SYNC,,,1/2/3/4,IN/OUT,9n,58,9n,58,sync,動作経路あり,デコーダーからruntime/UI処理あり。公式機能との完全同等性・実機音声/LEDはこの監査では未検証。
39,DECK,D7-L D7-R,BEAT SYNC,+SHIFT,,1/2/3/4,IN/OUT,9n,5C,9n,5C,master,部分実装,他のsync有効deckにleader指定後、自deckをsync無効にする。独立したmaster選択状態を持たない。
40,DECK,D8-L D8-R,KEY SYNC,,,1/2/3/4,IN/OUT,9n,65,9n,65,,未デコード,公式入力を渡してもアクションなし。
41,DECK,D8-L D8-R,KEY SYNC,+SHIFT,,1/2/3/4,IN/OUT,9n,1C,9n,1C,,未デコード,公式入力を渡してもアクションなし。
42,DECK,D9-L D9-R,KEY RESET,,,1/2/3/4,IN,9n,64,,,,未デコード,公式入力を渡してもアクションなし。
43,DECK,D9-L D9-R,KEY RESET,+SHIFT,,1/2/3/4,IN,9n,1F,,,,未デコード,公式入力を渡してもアクションなし。
44,DECK,D10-L D10-R,LOOP IN,,,1/2/3/4,IN/OUT,9n,10,9n,10,loopIn,部分実装,ループ開始/終了の指定のみ。既存ループ境界をジョグで調整する状態なし。
45,DECK,D10-L D10-R,LOOP IN,+SHIFT,,1/2/3/4,IN/OUT,9n,4C,9n,4C,,未デコード,公式入力を渡してもアクションなし。
46,DECK,D11-L D11-R,LOOP OUT,,,1/2/3/4,IN/OUT,9n,11,9n,11,loopOut,部分実装,ループ開始/終了の指定のみ。既存ループ境界をジョグで調整する状態なし。
47,DECK,D11-L D11-R,LOOP OUT,+SHIFT,,1/2/3/4,IN/OUT,9n,4D,9n,4D,reloop,動作経路あり,デコーダーからruntime/UI処理あり。公式機能との完全同等性・実機音声/LEDはこの監査では未検証。
48,DECK,D12-L D12-R,4 BEAT LOOP/EXIT,,,1/2/3/4,IN/OUT,9n,14,9n,14,loop,動作経路あり,デコーダーからruntime/UI処理あり。公式機能との完全同等性・実機音声/LEDはこの監査では未検証。
49,DECK,D12-L D12-R,4 BEAT LOOP/EXIT,+SHIFT,,1/2/3/4,IN/OUT,9n,50,9n,50,reloop,動作経路あり,デコーダーからruntime/UI処理あり。公式機能との完全同等性・実機音声/LEDはこの監査では未検証。
50,DECK,D13-L D13-R,QUANTIZE,,,1/2/3/4,IN/OUT,9n,35,9n,35,quantize,動作経路あり,デコーダーからruntime/UI処理あり。公式機能との完全同等性・実機音声/LEDはこの監査では未検証。
51,DECK,D13-L D13-R,QUANTIZE,+SHIFT,,1/2/3/4,IN/OUT,9n,39,9n,39,,未デコード,公式入力を渡してもアクションなし。
52,DECK,D14-L D14-R,SLIP,,,1/2/3/4,IN/OUT,9n,40,9n,40,slip,未実装通知のみ,受信するがruntimeは未対応エラーを表示してreturn。サンプラーUIもstub。
53,DECK,D14-L D14-R,SLIP,+SHIFT,,1/2/3/4,IN/OUT,9n,17,9n,17,vinyl,動作経路あり,デコーダーからruntime/UI処理あり。公式機能との完全同等性・実機音声/LEDはこの監査では未検証。
54,DECK,D15-L D15-R,SLIP REVERSE,,,1/2/3/4,IN/OUT,9n,15,9n,15,slipReverse,未実装通知のみ,受信するがruntimeは未対応エラーを表示してreturn。サンプラーUIもstub。
55,DECK,D15-L D15-R,SLIP REVERSE,+SHIFT,,1/2/3/4,IN/OUT,9n,38,9n,38,reverse,未実装通知のみ,受信するがruntimeは未対応エラーを表示してreturn。サンプラーUIもstub。
56,DECK,D16-L D16-R,SEARCH ◀◀,,,1/2/3/4,IN,9n,5E,,,previous,代替動作,SEARCH通常押下をライブラリの前/次行選択に割当。資料上のSEARCH操作との同等性は未確認。
57,DECK,D16-L D16-R,SEARCH ◀◀,LONG,,1/2/3/4,IN,9n,70,,,searchBack,部分実装,LONG Noteの押下で5秒seek。保持中の反復探索タイマーなし。
58,DECK,D16-L D16-R,SEARCH ◀◀,+SHIFT,,1/2/3/4,IN,9n,51,,,cuePrevious,代替動作,MEMORY CUEではなくhotCues配列をソートして移動。
59,DECK,D17-L D17-R,SEARCH ▶▶,,,1/2/3/4,IN,9n,5F,,,next,代替動作,SEARCH通常押下をライブラリの前/次行選択に割当。資料上のSEARCH操作との同等性は未確認。
60,DECK,D17-L D17-R,SEARCH ▶▶,LONG,,1/2/3/4,IN,9n,71,,,searchForward,部分実装,LONG Noteの押下で5秒seek。保持中の反復探索タイマーなし。
61,DECK,D17-L D17-R,SEARCH ▶▶,+SHIFT,,1/2/3/4,IN,9n,53,,,cueNext,代替動作,MEMORY CUEではなくhotCues配列をソートして移動。
62,DECK,D18-L D18-R,MEMORY,,,1/2/3/4,IN,9n,3D,,,,未デコード,公式入力を渡してもアクションなし。
63,DECK,D18-L D18-R,MEMORY,+SHIFT,,1/2/3/4,IN,9n,3E,,,,未デコード,公式入力を渡してもアクションなし。
64,DECK,D19-L D19-R,SHIFT,,,1/2/3/4,IN,9n,3F,,,shift,修飾状態あり,held状態保持。SHIFT単独の音声操作は不要。
65,MIXER,M1,CROSSFADER,,,7,IN,B6,1F 3F,,,crossfader,動作経路あり,デコーダーからruntime/UI処理あり。公式機能との完全同等性・実機音声/LEDはこの監査では未検証。
66,MIXER,M2-1 M2-2 M2-3 M2-4,CH FADER,,,1/2/3/4,IN,Bn,13 33,,,gain,動作経路あり,デコーダーからruntime/UI処理あり。公式機能との完全同等性・実機音声/LEDはこの監査では未検証。
67,MIXER,M1 M2-1 M2-2 M2-3 M2-4,CROSS FADER / CH FADER (Fader Start),+SHIFT,Zero → not Zero,1/2/3/4,IN,9n,66,,,,未デコード,公式入力を渡してもアクションなし。
68,MIXER,M1 M2-1 M2-2 M2-3 M2-4,CROSS FADER / CH FADER (Fader Start),+SHIFT,Not Zero → Zero,1/2/3/4,IN,9n,52,,,,未デコード,公式入力を渡してもアクションなし。
69,MIXER,M3-1 M3-2 M3-3 M3-4,GAIN (TRIM),,,1/2/3/4,IN,Bn,04 24,,,trim,動作経路あり,デコーダーからruntime/UI処理あり。公式機能との完全同等性・実機音声/LEDはこの監査では未検証。
70,MIXER,M4-1 M4-2 M4-3 M4-4,EQ HI,,,1/2/3/4,IN,Bn,07 27,,,eqHigh,動作経路あり,デコーダーからruntime/UI処理あり。公式機能との完全同等性・実機音声/LEDはこの監査では未検証。
71,MIXER,M5-1 M5-2 M5-3 M5-4,EQ MID,,,1/2/3/4,IN,Bn,0B 2B,,,eqMid,動作経路あり,デコーダーからruntime/UI処理あり。公式機能との完全同等性・実機音声/LEDはこの監査では未検証。
72,MIXER,M6-1 M6-2 M6-3 M6-4,EQ LOW,,,1/2/3/4,IN,Bn,0F 2F,,,eqLow,動作経路あり,デコーダーからruntime/UI処理あり。公式機能との完全同等性・実機音声/LEDはこの監査では未検証。
73,MIXER,M7-1 M7-2 M7-3 M7-4,CUE (Headphone),,,1/2/3/4,IN/OUT,9n,54,9n,54,pfl,動作経路あり,デコーダーからruntime/UI処理あり。公式機能との完全同等性・実機音声/LEDはこの監査では未検証。
74,MIXER,M7-1 M7-2 M7-3 M7-4,CUE (Headphone),+SHIFT,,1/2/3/4,IN/OUT,9n,68,9n,68,,未デコード,公式入力を渡してもアクションなし。
75,MIXER,M8,MASTER LEVEL,,,7,IN,B6,08 28,,,,未デコード・本体処理区分,ソフト連携なし。本体で処理する可能性があり、音声経路の実測なしに二重適用しない。
76,MIXER,M9,MASTER CUE,,,7,IN/OUT,96,63,9n,63,hardwareMasterCue,受信のみ・本体処理区分,runtimeに適用処理なし。本体CUE動作は別途実測。
77,MIXER,M9,MASTER CUE,+SHIFT,,7,IN/OUT,96,62,9n,62,hardwareMasterCue,受信のみ・本体処理区分,runtimeに適用処理なし。本体CUE動作は別途実測。
78,MIXER,M10,BOOTH LEVEL,,,7,IN,B6,09 29,,,,未デコード・本体処理区分,ソフト連携なし。本体で処理する可能性があり、音声経路の実測なしに二重適用しない。
79,MIXER,M11-1 M11-2 M11-3 M11-4,CRF ASSIGN,,Switch to A,1/2/3/4,IN,9n,16,,,assignLeft,動作経路あり,デコーダーからruntime/UI処理あり。公式機能との完全同等性・実機音声/LEDはこの監査では未検証。
80,MIXER,M11-1 M11-2 M11-3 M11-4,CRF ASSIGN,,Switch to A,1/2/3/4,IN,9n,18/1D,,,assignRight / assignThru,動作経路あり,デコーダーからruntime/UI処理あり。公式機能との完全同等性・実機音声/LEDはこの監査では未検証。
81,MIXER,M11-1 M11-2 M11-3 M11-4,CRF ASSIGN,,Switch to THRU,1/2/3/4,IN,9n,1D,,,assignThru,動作経路あり,デコーダーからruntime/UI処理あり。公式機能との完全同等性・実機音声/LEDはこの監査では未検証。
82,MIXER,M11-1 M11-2 M11-3 M11-4,CRF ASSIGN,,Switch to THRU,1/2/3/4,IN,9n,16/18,,,assignLeft / assignRight,動作経路あり,デコーダーからruntime/UI処理あり。公式機能との完全同等性・実機音声/LEDはこの監査では未検証。
83,MIXER,M11-1 M11-2 M11-3 M11-4,CRF ASSIGN,,Switch to B,1/2/3/4,IN,9n,18,,,assignRight,動作経路あり,デコーダーからruntime/UI処理あり。公式機能との完全同等性・実機音声/LEDはこの監査では未検証。
84,MIXER,M11-1 M11-2 M11-3 M11-4,CRF ASSIGN,,Switch to B,1/2/3/4,IN,9n,16/1D,,,assignLeft / assignThru,動作経路あり,デコーダーからruntime/UI処理あり。公式機能との完全同等性・実機音声/LEDはこの監査では未検証。
85,MIXER,M12,HEADPHONES MIXING,,,7,IN,B6,0C 2C,,,,未デコード・本体処理区分,ソフト連携なし。本体で処理する可能性があり、音声経路の実測なしに二重適用しない。
86,MIXER,M13,HEADPHONES LEVEL,,,7,IN,B6,0D 2D,,,,未デコード・本体処理区分,ソフト連携なし。本体で処理する可能性があり、音声経路の実測なしに二重適用しない。
87,MIXER,M14,MIC EQ HI,,,7,IN,B6,07 27,,,,未デコード・本体処理区分,ソフト連携なし。本体で処理する可能性があり、音声経路の実測なしに二重適用しない。
88,MIXER,M15,MIC EQ LOW,,,7,IN,B6,0F 2F,,,,未デコード・本体処理区分,ソフト連携なし。本体で処理する可能性があり、音声経路の実測なしに二重適用しない。
89,MIXER,M16-1 M16-2,LINE/PHONO SW,,,3/4,IN,9n,46,,,,未デコード・本体処理区分,ソフト連携なし。本体で処理する可能性があり、音声経路の実測なしに二重適用しない。
90,MIXER,M17-1 M17-2 M17-3 M17-4,INPUT SELECT,,Switch to USB A,1/2/3/4,IN,9n,55,,,,未デコード・本体処理区分,ソフト連携なし。本体で処理する可能性があり、音声経路の実測なしに二重適用しない。
91,MIXER,M17-1 M17-2 M17-3 M17-4,INPUT SELECT,,Switch to USB A,1/2/3/4,IN,9n,56/57,,,,未デコード・本体処理区分,ソフト連携なし。本体で処理する可能性があり、音声経路の実測なしに二重適用しない。
92,MIXER,M17-1 M17-2 M17-3 M17-4,INPUT SELECT,,Switch to LINE or PHONO/LINE,1/2/3/4,IN,9n,56,,,,未デコード・本体処理区分,ソフト連携なし。本体で処理する可能性があり、音声経路の実測なしに二重適用しない。
93,MIXER,M17-1 M17-2 M17-3 M17-4,INPUT SELECT,,Switch to LINE or PHONO/LINE,1/2/3/4,IN,9n,55/57,,,,未デコード・本体処理区分,ソフト連携なし。本体で処理する可能性があり、音声経路の実測なしに二重適用しない。
94,MIXER,M17-1 M17-2 M17-3 M17-4,INPUT SELECT,,Switch to USB B,1/2/3/4,IN,9n,57,,,,未デコード・本体処理区分,ソフト連携なし。本体で処理する可能性があり、音声経路の実測なしに二重適用しない。
95,MIXER,M17-1 M17-2 M17-3 M17-4,INPUT SELECT,,Switch to USB B,1/2/3/4,IN,9n,55/56,,,,未デコード・本体処理区分,ソフト連携なし。本体で処理する可能性があり、音声経路の実測なしに二重適用しない。
96,MIXER,M18,MIC OFF/ON /TALKOVER,,Switch to OFF,7,IN,96,6A,,,,未デコード・本体処理区分,ソフト連携なし。本体で処理する可能性があり、音声経路の実測なしに二重適用しない。
97,MIXER,M18,MIC OFF/ON /TALKOVER,,Switch to OFF,7,IN,96,6B/6C,,,,未デコード・本体処理区分,ソフト連携なし。本体で処理する可能性があり、音声経路の実測なしに二重適用しない。
98,MIXER,M18,MIC OFF/ON /TALKOVER,,Switch to ON,7,IN,96,6B,,,,未デコード・本体処理区分,ソフト連携なし。本体で処理する可能性があり、音声経路の実測なしに二重適用しない。
99,MIXER,M18,MIC OFF/ON /TALKOVER,,Switch to ON,7,IN,96,6A/6C,,,,未デコード・本体処理区分,ソフト連携なし。本体で処理する可能性があり、音声経路の実測なしに二重適用しない。
100,MIXER,M18,MIC OFF/ON /TALKOVER,,Switch to TALK OVER,7,IN,96,6C,,,,未デコード・本体処理区分,ソフト連携なし。本体で処理する可能性があり、音声経路の実測なしに二重適用しない。
101,MIXER,M18,MIC OFF/ON /TALKOVER,,Switch to TALK OVER,7,IN,96,6A/6B,,,,未デコード・本体処理区分,ソフト連携なし。本体で処理する可能性があり、音声経路の実測なしに二重適用しない。
102,MIXER,M19,SAMPLER CUE,,,7,IN/OUT,96,69,9n,69,,未デコード,公式入力を渡してもアクションなし。
103,MIXER,M19,SAMPLER CUE,+SHIFT,,7,IN/OUT,96,6E,9n,6E,,未デコード,公式入力を渡してもアクションなし。
104,MIXER,M20,SAMPLER VOL,,,7,IN,B6,03 23,,,,未デコード,公式入力を渡してもアクションなし。
105,EFFECT,F1-1 F1-2 F1-3 F1-4,COLOR FX Parameter (CH1),,,7,IN,B6,17 37,,,filterA,動作経路あり,デコーダーからruntime/UI処理あり。公式機能との完全同等性・実機音声/LEDはこの監査では未検証。
106,EFFECT,F1-1 F1-2 F1-3 F1-4,COLOR FX Parameter (CH2),,,7,IN,B6,18 38,,,filterB,動作経路あり,デコーダーからruntime/UI処理あり。公式機能との完全同等性・実機音声/LEDはこの監査では未検証。
107,EFFECT,F1-1 F1-2 F1-3 F1-4,COLOR FX Parameter (CH3),,,7,IN,B6,19 39,,,filterC,動作経路あり,デコーダーからruntime/UI処理あり。公式機能との完全同等性・実機音声/LEDはこの監査では未検証。
108,EFFECT,F1-1 F1-2 F1-3 F1-4,COLOR FX Parameter (CH4),,,7,IN,B6,1A 3A,,,filterD,動作経路あり,デコーダーからruntime/UI処理あり。公式機能との完全同等性・実機音声/LEDはこの監査では未検証。
109,EFFECT,F2,COLOR FX (D-ECHO),,,7,IN,96,00,,,colorSelect,未実装通知のみ,FILTERのみ。他3種は無効化し未対応通知。
110,EFFECT,F2,COLOR FX (D-ECHO),+SHIFT,,7,IN,96,08,,,,未デコード,公式入力を渡してもアクションなし。
111,EFFECT,F3,COLOR FX (PITCH),,,7,IN,96,01,,,colorSelect,未実装通知のみ,FILTERのみ。他3種は無効化し未対応通知。
112,EFFECT,F3,COLOR FX (PITCH),+SHIFT,,7,IN,96,09,,,,未デコード,公式入力を渡してもアクションなし。
113,EFFECT,F4,COLOR FX (NOISE),,,7,IN,96,02,,,colorSelect,未実装通知のみ,FILTERのみ。他3種は無効化し未対応通知。
114,EFFECT,F4,COLOR FX (NOISE),+SHIFT,,7,IN,96,0A,,,,未デコード,公式入力を渡してもアクションなし。
115,EFFECT,F5,COLOR FX (FILTER),,,7,IN,96,03,,,colorSelect,動作経路あり,FILTERのみ。他3種は無効化し未対応通知。
116,EFFECT,F5,COLOR FX (FILTER),+SHIFT,,7,IN,96,0B,,,,未デコード,公式入力を渡してもアクションなし。
117,EFFECT,F6,BEAT ◀,,,5,IN/OUT,94,4A,9n,4A,,未デコード,公式入力を渡してもアクションなし。
118,EFFECT,F6,BEAT ◀,+SHIFT,,5,IN/OUT,94,66,9n,66,,未デコード,公式入力を渡してもアクションなし。
119,EFFECT,F7,BEAT ▶,,,5,IN/OUT,94,4B,9n,4B,,未デコード,公式入力を渡してもアクションなし。
120,EFFECT,F7,BEAT ▶,+SHIFT,,5,IN/OUT,94,6B,9n,6B,,未デコード,公式入力を渡してもアクションなし。
121,EFFECT,F8,FX SELECT (LOW CUT ECHO),,,5,IN,94,20,,,fxSelect,未実装通知のみ,ECHO/REVERB/FLANGER/PHASERのみ。残り10種はfxEffect=nullで未対応通知。
122,EFFECT,F8,FX SELECT (ECHO),,,5,IN,94,21,,,fxSelect,動作経路あり,ECHO/REVERB/FLANGER/PHASERのみ。残り10種はfxEffect=nullで未対応通知。
123,EFFECT,F8,FX SELECT (MT DELAY),,,5,IN,94,22,,,fxSelect,未実装通知のみ,ECHO/REVERB/FLANGER/PHASERのみ。残り10種はfxEffect=nullで未対応通知。
124,EFFECT,F8,FX SELECT (SPIRAL),,,5,IN,94,23,,,fxSelect,未実装通知のみ,ECHO/REVERB/FLANGER/PHASERのみ。残り10種はfxEffect=nullで未対応通知。
125,EFFECT,F8,FX SELECT (REVERB),,,5,IN,94,24,,,fxSelect,動作経路あり,ECHO/REVERB/FLANGER/PHASERのみ。残り10種はfxEffect=nullで未対応通知。
126,EFFECT,F8,FX SELECT (TRANS),,,5,IN,94,25,,,fxSelect,未実装通知のみ,ECHO/REVERB/FLANGER/PHASERのみ。残り10種はfxEffect=nullで未対応通知。
127,EFFECT,F8,FX SELECT (ENIGMA JET),,,5,IN,94,26,,,fxSelect,未実装通知のみ,ECHO/REVERB/FLANGER/PHASERのみ。残り10種はfxEffect=nullで未対応通知。
128,EFFECT,F8,FX SELECT (FLANGER),,,5,IN,94,27,,,fxSelect,動作経路あり,ECHO/REVERB/FLANGER/PHASERのみ。残り10種はfxEffect=nullで未対応通知。
129,EFFECT,F8,FX SELECT (PHASER),,,5,IN,94,28,,,fxSelect,動作経路あり,ECHO/REVERB/FLANGER/PHASERのみ。残り10種はfxEffect=nullで未対応通知。
130,EFFECT,F8,FX SELECT (PITCH),,,5,IN,94,29,,,fxSelect,未実装通知のみ,ECHO/REVERB/FLANGER/PHASERのみ。残り10種はfxEffect=nullで未対応通知。
131,EFFECT,F8,FX SELECT (SLPI ROLL),,,5,IN,94,2A,,,fxSelect,未実装通知のみ,ECHO/REVERB/FLANGER/PHASERのみ。残り10種はfxEffect=nullで未対応通知。
132,EFFECT,F8,FX SELECT (ROLL),,,5,IN,94,2B,,,fxSelect,未実装通知のみ,ECHO/REVERB/FLANGER/PHASERのみ。残り10種はfxEffect=nullで未対応通知。
133,EFFECT,F8,FX SELECT (MOBIUS SAW),,,5,IN,94,2C,,,fxSelect,未実装通知のみ,ECHO/REVERB/FLANGER/PHASERのみ。残り10種はfxEffect=nullで未対応通知。
134,EFFECT,F8,FX SELECT (MOBIUS TRI),,,5,IN,94,2D,,,fxSelect,未実装通知のみ,ECHO/REVERB/FLANGER/PHASERのみ。残り10種はfxEffect=nullで未対応通知。
135,EFFECT,F9,CH SELECT (CH1),,,5,IN,94,10,,,fxAssign,動作経路あり,MIC/SAMPLER割当は未対応。MASTERは各ロード済みデッキに個別FX適用で、合算後のmaster bus FXではない。
136,EFFECT,F9,CH SELECT (CH2),,,5,IN,94,11,,,fxAssign,動作経路あり,MIC/SAMPLER割当は未対応。MASTERは各ロード済みデッキに個別FX適用で、合算後のmaster bus FXではない。
137,EFFECT,F9,CH SELECT (CH3),,,5,IN,94,12,,,fxAssign,動作経路あり,MIC/SAMPLER割当は未対応。MASTERは各ロード済みデッキに個別FX適用で、合算後のmaster bus FXではない。
138,EFFECT,F9,CH SELECT (CH4),,,5,IN,94,13,,,fxAssign,動作経路あり,MIC/SAMPLER割当は未対応。MASTERは各ロード済みデッキに個別FX適用で、合算後のmaster bus FXではない。
139,EFFECT,F9,CH SELECT (MASTER),,,5,IN,94,14,,,fxAssign,部分実装,MIC/SAMPLER割当は未対応。MASTERは各ロード済みデッキに個別FX適用で、合算後のmaster bus FXではない。
140,EFFECT,F9,CH SELECT (MIC),,,5,IN,94,15,,,fxAssign,未実装通知のみ,MIC/SAMPLER割当は未対応。MASTERは各ロード済みデッキに個別FX適用で、合算後のmaster bus FXではない。
141,EFFECT,F9,CH SELECT (SAMPLER),,,5,IN,94,16,,,fxAssign,未実装通知のみ,MIC/SAMPLER割当は未対応。MASTERは各ロード済みデッキに個別FX適用で、合算後のmaster bus FXではない。
142,EFFECT,F10,LEVEL/DEPTH,,,5,IN,B4,02 22,,,fxMix,動作経路あり,デコーダーからruntime/UI処理あり。公式機能との完全同等性・実機音声/LEDはこの監査では未検証。
143,EFFECT,F11,FX ON/OFF,,,5,IN/OUT,94,47,9n,47,fxToggle,動作経路あり,デコーダーからruntime/UI処理あり。公式機能との完全同等性・実機音声/LEDはこの監査では未検証。
144,EFFECT,F11,FX ON/OFF,+SHIFT,,5,IN/OUT,94,43,9n,43,,未デコード,公式入力を渡してもアクションなし。
145,PAD,P1,PAD 1,,HOT CUE mode (PAGE 1),8/10/12/14,IN/OUT,9p,00,9n,00,hotcue,部分実装,slot 0–7のみ設定/呼出/SHIFT削除。slot 8–15は未対応通知。
146,PAD,P1,PAD 1,+SHIFT,HOT CUE mode (PAGE 1),9/11/13/15,IN/OUT,9p,00,9n,00,hotcue,部分実装,slot 0–7のみ設定/呼出/SHIFT削除。slot 8–15は未対応通知。
147,PAD,P1,PAD 1,,HOT CUE mode (PAGE 2),8/10/12/14,IN/OUT,9p,08,9n,08,hotcue,部分実装,slot 0–7のみ設定/呼出/SHIFT削除。slot 8–15は未対応通知。
148,PAD,P1,PAD 1,+SHIFT,HOT CUE mode (PAGE 2),9/11/13/15,IN/OUT,9p,08,9n,08,hotcue,部分実装,slot 0–7のみ設定/呼出/SHIFT削除。slot 8–15は未対応通知。
149,PAD,P1,PAD 1,,PAD FX mode 1 (PAGE 1),8/10/12/14,IN/OUT,9p,10,9n,10,padFx,部分実装,PAD FX 1/2のモード識別が同じpadFxに潰れる。slot%8で両PAGE同一。SHIFT別動作なし。1デッキ1FX共有。
150,PAD,P1,PAD 1,+SHIFT,PAD FX mode 1 (PAGE 1),9/11/13/15,IN/OUT,9p,10,9n,10,padFx,部分実装,PAD FX 1/2のモード識別が同じpadFxに潰れる。slot%8で両PAGE同一。SHIFT別動作なし。1デッキ1FX共有。
151,PAD,P1,PAD 1,,PAD FX mode 1 (PAGE 2),8/10/12/14,IN/OUT,9p,18,9n,18,padFx,部分実装,PAD FX 1/2のモード識別が同じpadFxに潰れる。slot%8で両PAGE同一。SHIFT別動作なし。1デッキ1FX共有。
152,PAD,P1,PAD 1,+SHIFT,PAD FX mode 1 (PAGE 2),9/11/13/15,IN/OUT,9p,18,9n,18,padFx,部分実装,PAD FX 1/2のモード識別が同じpadFxに潰れる。slot%8で両PAGE同一。SHIFT別動作なし。1デッキ1FX共有。
153,PAD,P1,PAD 1,,BEAT JUMP mode (PAGE 1),8/10/12/14,IN/OUT,9p,20,9n,20,beatJumpPad,部分実装,slot%8でPAGE 2もPAGE 1と同じ。SHIFT別動作なし。
154,PAD,P1,PAD 1,+SHIFT,BEAT JUMP mode (PAGE 1),9/11/13/15,IN/OUT,9p,20,9n,20,beatJumpPad,部分実装,slot%8でPAGE 2もPAGE 1と同じ。SHIFT別動作なし。
155,PAD,P1,PAD 1,,BEAT JUMP mode (PAGE 2),8/10/12/14,IN/OUT,9p,28,9n,28,beatJumpPad,部分実装,slot%8でPAGE 2もPAGE 1と同じ。SHIFT別動作なし。
156,PAD,P1,PAD 1,+SHIFT,BEAT JUMP mode (PAGE 2),9/11/13/15,IN/OUT,9p,28,9n,28,beatJumpPad,部分実装,slot%8でPAGE 2もPAGE 1と同じ。SHIFT別動作なし。
157,PAD,P1,PAD 1,,SAMPLER mode (PAGE 1),8/10/12/14,IN/OUT,9p,30,9n,30,sampler,未実装通知のみ,受信するがruntimeは未対応エラーを表示してreturn。サンプラーUIもstub。
158,PAD,P1,PAD 1,+SHIFT,SAMPLER mode (PAGE 1),9/11/13/15,IN/OUT,9p,30,9n,30,sampler,未実装通知のみ,受信するがruntimeは未対応エラーを表示してreturn。サンプラーUIもstub。
159,PAD,P1,PAD 1,,SAMPLER mode (PAGE 2),8/10/12/14,IN/OUT,9p,38,9n,38,sampler,未実装通知のみ,受信するがruntimeは未対応エラーを表示してreturn。サンプラーUIもstub。
160,PAD,P1,PAD 1,+SHIFT,SAMPLER mode (PAGE 2),9/11/13/15,IN/OUT,9p,38,9n,38,sampler,未実装通知のみ,受信するがruntimeは未対応エラーを表示してreturn。サンプラーUIもstub。
161,PAD,P1,PAD 1,,KEYBOARD mode (PAGE 1),8/10/12/14,IN/OUT,9p,40,9n,40,keyboard,未実装通知のみ,受信するがruntimeは未対応エラーを表示してreturn。サンプラーUIもstub。
162,PAD,P1,PAD 1,+SHIFT,KEYBOARD mode (PAGE 1),9/11/13/15,IN/OUT,9p,40,9n,40,keyboard,未実装通知のみ,受信するがruntimeは未対応エラーを表示してreturn。サンプラーUIもstub。
163,PAD,P1,PAD 1,,KEYBOARD mode (PAGE 2),8/10/12/14,IN/OUT,9p,48,9n,48,keyboard,未実装通知のみ,受信するがruntimeは未対応エラーを表示してreturn。サンプラーUIもstub。
164,PAD,P1,PAD 1,+SHIFT,KEYBOARD mode (PAGE 2),9/11/13/15,IN/OUT,9p,48,9n,48,keyboard,未実装通知のみ,受信するがruntimeは未対応エラーを表示してreturn。サンプラーUIもstub。
165,PAD,P1,PAD 1,,PAD FX mode 2 (PAGE 1),8/10/12/14,IN/OUT,9p,50,9n,50,padFx,部分実装,PAD FX 1/2のモード識別が同じpadFxに潰れる。slot%8で両PAGE同一。SHIFT別動作なし。1デッキ1FX共有。
166,PAD,P1,PAD 1,+SHIFT,PAD FX mode 2 (PAGE 1),9/11/13/15,IN/OUT,9p,50,9n,50,padFx,部分実装,PAD FX 1/2のモード識別が同じpadFxに潰れる。slot%8で両PAGE同一。SHIFT別動作なし。1デッキ1FX共有。
167,PAD,P1,PAD 1,,PAD FX mode 2 (PAGE 2),8/10/12/14,IN/OUT,9p,58,9n,58,padFx,部分実装,PAD FX 1/2のモード識別が同じpadFxに潰れる。slot%8で両PAGE同一。SHIFT別動作なし。1デッキ1FX共有。
168,PAD,P1,PAD 1,+SHIFT,PAD FX mode 2 (PAGE 2),9/11/13/15,IN/OUT,9p,58,9n,58,padFx,部分実装,PAD FX 1/2のモード識別が同じpadFxに潰れる。slot%8で両PAGE同一。SHIFT別動作なし。1デッキ1FX共有。
169,PAD,P1,PAD 1,,BEAT LOOP mode (PAGE 1),8/10/12/14,IN/OUT,9p,60,9n,60,beatLoopPad,部分実装,slot%8でPAGE 2もPAGE 1と同じ。SHIFT別動作なし。
170,PAD,P1,PAD 1,+SHIFT,BEAT LOOP mode (PAGE 1),9/11/13/15,IN/OUT,9p,60,9n,60,beatLoopPad,部分実装,slot%8でPAGE 2もPAGE 1と同じ。SHIFT別動作なし。
171,PAD,P1,PAD 1,,BEAT LOOP mode (PAGE 2),8/10/12/14,IN/OUT,9p,68,9n,68,beatLoopPad,部分実装,slot%8でPAGE 2もPAGE 1と同じ。SHIFT別動作なし。
172,PAD,P1,PAD 1,+SHIFT,BEAT LOOP mode (PAGE 2),9/11/13/15,IN/OUT,9p,68,9n,68,beatLoopPad,部分実装,slot%8でPAGE 2もPAGE 1と同じ。SHIFT別動作なし。
173,PAD,P1,PAD 1,,KEY SHIFT mode (PAGE 1),8/10/12/14,IN/OUT,9p,70,9n,70,keyShift,未実装通知のみ,受信するがruntimeは未対応エラーを表示してreturn。サンプラーUIもstub。
174,PAD,P1,PAD 1,+SHIFT,KEY SHIFT mode (PAGE 1),9/11/13/15,IN/OUT,9p,70,9n,70,keyShift,未実装通知のみ,受信するがruntimeは未対応エラーを表示してreturn。サンプラーUIもstub。
175,PAD,P1,PAD 1,,KEY SHIFT mode (PAGE 2),8/10/12/14,IN/OUT,9p,78,9n,78,keyShift,未実装通知のみ,受信するがruntimeは未対応エラーを表示してreturn。サンプラーUIもstub。
176,PAD,P1,PAD 1,+SHIFT,KEY SHIFT mode (PAGE 2),9/11/13/15,IN/OUT,9p,78,9n,78,keyShift,未実装通知のみ,受信するがruntimeは未対応エラーを表示してreturn。サンプラーUIもstub。
177,PAD,P2,PAD 2,,HOT CUE mode (PAGE 1),8/10/12/14,IN/OUT,9p,01,9n,01,hotcue,部分実装,slot 0–7のみ設定/呼出/SHIFT削除。slot 8–15は未対応通知。
178,PAD,P2,PAD 2,+SHIFT,HOT CUE mode (PAGE 1),9/11/13/15,IN/OUT,9p,01,9n,01,hotcue,部分実装,slot 0–7のみ設定/呼出/SHIFT削除。slot 8–15は未対応通知。
179,PAD,P2,PAD 2,,HOT CUE mode (PAGE 2),8/10/12/14,IN/OUT,9p,09,9n,09,hotcue,部分実装,slot 0–7のみ設定/呼出/SHIFT削除。slot 8–15は未対応通知。
180,PAD,P2,PAD 2,+SHIFT,HOT CUE mode (PAGE 2),9/11/13/15,IN/OUT,9p,09,9n,09,hotcue,部分実装,slot 0–7のみ設定/呼出/SHIFT削除。slot 8–15は未対応通知。
181,PAD,P2,PAD 2,,PAD FX mode 1 (PAGE 1),8/10/12/14,IN/OUT,9p,11,9n,11,padFx,部分実装,PAD FX 1/2のモード識別が同じpadFxに潰れる。slot%8で両PAGE同一。SHIFT別動作なし。1デッキ1FX共有。
182,PAD,P2,PAD 2,+SHIFT,PAD FX mode 1 (PAGE 1),9/11/13/15,IN/OUT,9p,11,9n,11,padFx,部分実装,PAD FX 1/2のモード識別が同じpadFxに潰れる。slot%8で両PAGE同一。SHIFT別動作なし。1デッキ1FX共有。
183,PAD,P2,PAD 2,,PAD FX mode 1 (PAGE 2),8/10/12/14,IN/OUT,9p,19,9n,19,padFx,部分実装,PAD FX 1/2のモード識別が同じpadFxに潰れる。slot%8で両PAGE同一。SHIFT別動作なし。1デッキ1FX共有。
184,PAD,P2,PAD 2,+SHIFT,PAD FX mode 1 (PAGE 2),9/11/13/15,IN/OUT,9p,19,9n,19,padFx,部分実装,PAD FX 1/2のモード識別が同じpadFxに潰れる。slot%8で両PAGE同一。SHIFT別動作なし。1デッキ1FX共有。
185,PAD,P2,PAD 2,,BEAT JUMP mode (PAGE 1),8/10/12/14,IN/OUT,9p,21,9n,21,beatJumpPad,部分実装,slot%8でPAGE 2もPAGE 1と同じ。SHIFT別動作なし。
186,PAD,P2,PAD 2,+SHIFT,BEAT JUMP mode (PAGE 1),9/11/13/15,IN/OUT,9p,21,9n,21,beatJumpPad,部分実装,slot%8でPAGE 2もPAGE 1と同じ。SHIFT別動作なし。
187,PAD,P2,PAD 2,,BEAT JUMP mode (PAGE 2),8/10/12/14,IN/OUT,9p,29,9n,29,beatJumpPad,部分実装,slot%8でPAGE 2もPAGE 1と同じ。SHIFT別動作なし。
188,PAD,P2,PAD 2,+SHIFT,BEAT JUMP mode (PAGE 2),9/11/13/15,IN/OUT,9p,29,9n,29,beatJumpPad,部分実装,slot%8でPAGE 2もPAGE 1と同じ。SHIFT別動作なし。
189,PAD,P2,PAD 2,,SAMPLER mode (PAGE 1),8/10/12/14,IN/OUT,9p,31,9n,31,sampler,未実装通知のみ,受信するがruntimeは未対応エラーを表示してreturn。サンプラーUIもstub。
190,PAD,P2,PAD 2,+SHIFT,SAMPLER mode (PAGE 1),9/11/13/15,IN/OUT,9p,31,9n,31,sampler,未実装通知のみ,受信するがruntimeは未対応エラーを表示してreturn。サンプラーUIもstub。
191,PAD,P2,PAD 2,,SAMPLER mode (PAGE 2),8/10/12/14,IN/OUT,9p,39,9n,39,sampler,未実装通知のみ,受信するがruntimeは未対応エラーを表示してreturn。サンプラーUIもstub。
192,PAD,P2,PAD 2,+SHIFT,SAMPLER mode (PAGE 2),9/11/13/15,IN/OUT,9p,39,9n,39,sampler,未実装通知のみ,受信するがruntimeは未対応エラーを表示してreturn。サンプラーUIもstub。
193,PAD,P2,PAD 2,,KEYBOARD mode (PAGE 1),8/10/12/14,IN/OUT,9p,41,9n,41,keyboard,未実装通知のみ,受信するがruntimeは未対応エラーを表示してreturn。サンプラーUIもstub。
194,PAD,P2,PAD 2,+SHIFT,KEYBOARD mode (PAGE 1),9/11/13/15,IN/OUT,9p,41,9n,41,keyboard,未実装通知のみ,受信するがruntimeは未対応エラーを表示してreturn。サンプラーUIもstub。
195,PAD,P2,PAD 2,,KEYBOARD mode (PAGE 2),8/10/12/14,IN/OUT,9p,49,9n,49,keyboard,未実装通知のみ,受信するがruntimeは未対応エラーを表示してreturn。サンプラーUIもstub。
196,PAD,P2,PAD 2,+SHIFT,KEYBOARD mode (PAGE 2),9/11/13/15,IN/OUT,9p,49,9n,49,keyboard,未実装通知のみ,受信するがruntimeは未対応エラーを表示してreturn。サンプラーUIもstub。
197,PAD,P2,PAD 2,,PAD FX mode 2 (PAGE 1),8/10/12/14,IN/OUT,9p,51,9n,51,padFx,部分実装,PAD FX 1/2のモード識別が同じpadFxに潰れる。slot%8で両PAGE同一。SHIFT別動作なし。1デッキ1FX共有。
198,PAD,P2,PAD 2,+SHIFT,PAD FX mode 2 (PAGE 1),9/11/13/15,IN/OUT,9p,51,9n,51,padFx,部分実装,PAD FX 1/2のモード識別が同じpadFxに潰れる。slot%8で両PAGE同一。SHIFT別動作なし。1デッキ1FX共有。
199,PAD,P2,PAD 2,,PAD FX mode 2 (PAGE 2),8/10/12/14,IN/OUT,9p,59,9n,59,padFx,部分実装,PAD FX 1/2のモード識別が同じpadFxに潰れる。slot%8で両PAGE同一。SHIFT別動作なし。1デッキ1FX共有。
200,PAD,P2,PAD 2,+SHIFT,PAD FX mode 2 (PAGE 2),9/11/13/15,IN/OUT,9p,59,9n,59,padFx,部分実装,PAD FX 1/2のモード識別が同じpadFxに潰れる。slot%8で両PAGE同一。SHIFT別動作なし。1デッキ1FX共有。
201,PAD,P2,PAD 2,,BEAT LOOP mode (PAGE 1),8/10/12/14,IN/OUT,9p,61,9n,61,beatLoopPad,部分実装,slot%8でPAGE 2もPAGE 1と同じ。SHIFT別動作なし。
202,PAD,P2,PAD 2,+SHIFT,BEAT LOOP mode (PAGE 1),9/11/13/15,IN/OUT,9p,61,9n,61,beatLoopPad,部分実装,slot%8でPAGE 2もPAGE 1と同じ。SHIFT別動作なし。
203,PAD,P2,PAD 2,,BEAT LOOP mode (PAGE 2),8/10/12/14,IN/OUT,9p,69,9n,69,beatLoopPad,部分実装,slot%8でPAGE 2もPAGE 1と同じ。SHIFT別動作なし。
204,PAD,P2,PAD 2,+SHIFT,BEAT LOOP mode (PAGE 2),9/11/13/15,IN/OUT,9p,69,9n,69,beatLoopPad,部分実装,slot%8でPAGE 2もPAGE 1と同じ。SHIFT別動作なし。
205,PAD,P2,PAD 2,,KEY SHIFT mode (PAGE 1),8/10/12/14,IN/OUT,9p,71,9n,71,keyShift,未実装通知のみ,受信するがruntimeは未対応エラーを表示してreturn。サンプラーUIもstub。
206,PAD,P2,PAD 2,+SHIFT,KEY SHIFT mode (PAGE 1),9/11/13/15,IN/OUT,9p,71,9n,71,keyShift,未実装通知のみ,受信するがruntimeは未対応エラーを表示してreturn。サンプラーUIもstub。
207,PAD,P2,PAD 2,,KEY SHIFT mode (PAGE 2),8/10/12/14,IN/OUT,9p,79,9n,79,keyShift,未実装通知のみ,受信するがruntimeは未対応エラーを表示してreturn。サンプラーUIもstub。
208,PAD,P2,PAD 2,+SHIFT,KEY SHIFT mode (PAGE 2),9/11/13/15,IN/OUT,9p,79,9n,79,keyShift,未実装通知のみ,受信するがruntimeは未対応エラーを表示してreturn。サンプラーUIもstub。
209,PAD,P3,PAD 3,,HOT CUE mode (PAGE 1),8/10/12/14,IN/OUT,9p,02,9n,02,hotcue,部分実装,slot 0–7のみ設定/呼出/SHIFT削除。slot 8–15は未対応通知。
210,PAD,P3,PAD 3,+SHIFT,HOT CUE mode (PAGE 1),9/11/13/15,IN/OUT,9p,02,9n,02,hotcue,部分実装,slot 0–7のみ設定/呼出/SHIFT削除。slot 8–15は未対応通知。
211,PAD,P3,PAD 3,,HOT CUE mode (PAGE 2),8/10/12/14,IN/OUT,9p,0A,9n,0A,hotcue,部分実装,slot 0–7のみ設定/呼出/SHIFT削除。slot 8–15は未対応通知。
212,PAD,P3,PAD 3,+SHIFT,HOT CUE mode (PAGE 2),9/11/13/15,IN/OUT,9p,0A,9n,0A,hotcue,部分実装,slot 0–7のみ設定/呼出/SHIFT削除。slot 8–15は未対応通知。
213,PAD,P3,PAD 3,,PAD FX mode 1 (PAGE 1),8/10/12/14,IN/OUT,9p,12,9n,12,padFx,部分実装,PAD FX 1/2のモード識別が同じpadFxに潰れる。slot%8で両PAGE同一。SHIFT別動作なし。1デッキ1FX共有。
214,PAD,P3,PAD 3,+SHIFT,PAD FX mode 1 (PAGE 1),9/11/13/15,IN/OUT,9p,12,9n,12,padFx,部分実装,PAD FX 1/2のモード識別が同じpadFxに潰れる。slot%8で両PAGE同一。SHIFT別動作なし。1デッキ1FX共有。
215,PAD,P3,PAD 3,,PAD FX mode 1 (PAGE 2),8/10/12/14,IN/OUT,9p,1A,9n,1A,padFx,部分実装,PAD FX 1/2のモード識別が同じpadFxに潰れる。slot%8で両PAGE同一。SHIFT別動作なし。1デッキ1FX共有。
216,PAD,P3,PAD 3,+SHIFT,PAD FX mode 1 (PAGE 2),9/11/13/15,IN/OUT,9p,1A,9n,1A,padFx,部分実装,PAD FX 1/2のモード識別が同じpadFxに潰れる。slot%8で両PAGE同一。SHIFT別動作なし。1デッキ1FX共有。
217,PAD,P3,PAD 3,,BEAT JUMP mode (PAGE 1),8/10/12/14,IN/OUT,9p,22,9n,22,beatJumpPad,部分実装,slot%8でPAGE 2もPAGE 1と同じ。SHIFT別動作なし。
218,PAD,P3,PAD 3,+SHIFT,BEAT JUMP mode (PAGE 1),9/11/13/15,IN/OUT,9p,22,9n,22,beatJumpPad,部分実装,slot%8でPAGE 2もPAGE 1と同じ。SHIFT別動作なし。
219,PAD,P3,PAD 3,,BEAT JUMP mode (PAGE 2),8/10/12/14,IN/OUT,9p,2A,9n,2A,beatJumpPad,部分実装,slot%8でPAGE 2もPAGE 1と同じ。SHIFT別動作なし。
220,PAD,P3,PAD 3,+SHIFT,BEAT JUMP mode (PAGE 2),9/11/13/15,IN/OUT,9p,2A,9n,2A,beatJumpPad,部分実装,slot%8でPAGE 2もPAGE 1と同じ。SHIFT別動作なし。
221,PAD,P3,PAD 3,,SAMPLER mode (PAGE 1),8/10/12/14,IN/OUT,9p,32,9n,32,sampler,未実装通知のみ,受信するがruntimeは未対応エラーを表示してreturn。サンプラーUIもstub。
222,PAD,P3,PAD 3,+SHIFT,SAMPLER mode (PAGE 1),9/11/13/15,IN/OUT,9p,32,9n,32,sampler,未実装通知のみ,受信するがruntimeは未対応エラーを表示してreturn。サンプラーUIもstub。
223,PAD,P3,PAD 3,,SAMPLER mode (PAGE 2),8/10/12/14,IN/OUT,9p,3A,9n,3A,sampler,未実装通知のみ,受信するがruntimeは未対応エラーを表示してreturn。サンプラーUIもstub。
224,PAD,P3,PAD 3,+SHIFT,SAMPLER mode (PAGE 2),9/11/13/15,IN/OUT,9p,3A,9n,3A,sampler,未実装通知のみ,受信するがruntimeは未対応エラーを表示してreturn。サンプラーUIもstub。
225,PAD,P3,PAD 3,,KEYBOARD mode (PAGE 1),8/10/12/14,IN/OUT,9p,42,9n,42,keyboard,未実装通知のみ,受信するがruntimeは未対応エラーを表示してreturn。サンプラーUIもstub。
226,PAD,P3,PAD 3,+SHIFT,KEYBOARD mode (PAGE 1),9/11/13/15,IN/OUT,9p,42,9n,42,keyboard,未実装通知のみ,受信するがruntimeは未対応エラーを表示してreturn。サンプラーUIもstub。
227,PAD,P3,PAD 3,,KEYBOARD mode (PAGE 2),8/10/12/14,IN/OUT,9p,4A,9n,4A,keyboard,未実装通知のみ,受信するがruntimeは未対応エラーを表示してreturn。サンプラーUIもstub。
228,PAD,P3,PAD 3,+SHIFT,KEYBOARD mode (PAGE 2),9/11/13/15,IN/OUT,9p,4A,9n,4A,keyboard,未実装通知のみ,受信するがruntimeは未対応エラーを表示してreturn。サンプラーUIもstub。
229,PAD,P3,PAD 3,,PAD FX mode 2 (PAGE 1),8/10/12/14,IN/OUT,9p,52,9n,52,padFx,部分実装,PAD FX 1/2のモード識別が同じpadFxに潰れる。slot%8で両PAGE同一。SHIFT別動作なし。1デッキ1FX共有。
230,PAD,P3,PAD 3,+SHIFT,PAD FX mode 2 (PAGE 1),9/11/13/15,IN/OUT,9p,52,9n,52,padFx,部分実装,PAD FX 1/2のモード識別が同じpadFxに潰れる。slot%8で両PAGE同一。SHIFT別動作なし。1デッキ1FX共有。
231,PAD,P3,PAD 3,,PAD FX mode 2 (PAGE 2),8/10/12/14,IN/OUT,9p,5A,9n,5A,padFx,部分実装,PAD FX 1/2のモード識別が同じpadFxに潰れる。slot%8で両PAGE同一。SHIFT別動作なし。1デッキ1FX共有。
232,PAD,P3,PAD 3,+SHIFT,PAD FX mode 2 (PAGE 2),9/11/13/15,IN/OUT,9p,5A,9n,5A,padFx,部分実装,PAD FX 1/2のモード識別が同じpadFxに潰れる。slot%8で両PAGE同一。SHIFT別動作なし。1デッキ1FX共有。
233,PAD,P3,PAD 3,,BEAT LOOP mode (PAGE 1),8/10/12/14,IN/OUT,9p,62,9n,62,beatLoopPad,部分実装,slot%8でPAGE 2もPAGE 1と同じ。SHIFT別動作なし。
234,PAD,P3,PAD 3,+SHIFT,BEAT LOOP mode (PAGE 1),9/11/13/15,IN/OUT,9p,62,9n,62,beatLoopPad,部分実装,slot%8でPAGE 2もPAGE 1と同じ。SHIFT別動作なし。
235,PAD,P3,PAD 3,,BEAT LOOP mode (PAGE 2),8/10/12/14,IN/OUT,9p,6A,9n,6A,beatLoopPad,部分実装,slot%8でPAGE 2もPAGE 1と同じ。SHIFT別動作なし。
236,PAD,P3,PAD 3,+SHIFT,BEAT LOOP mode (PAGE 2),9/11/13/15,IN/OUT,9p,6A,9n,6A,beatLoopPad,部分実装,slot%8でPAGE 2もPAGE 1と同じ。SHIFT別動作なし。
237,PAD,P3,PAD 3,,KEY SHIFT mode (PAGE 1),8/10/12/14,IN/OUT,9p,72,9n,72,keyShift,未実装通知のみ,受信するがruntimeは未対応エラーを表示してreturn。サンプラーUIもstub。
238,PAD,P3,PAD 3,+SHIFT,KEY SHIFT mode (PAGE 1),9/11/13/15,IN/OUT,9p,72,9n,72,keyShift,未実装通知のみ,受信するがruntimeは未対応エラーを表示してreturn。サンプラーUIもstub。
239,PAD,P3,PAD 3,,KEY SHIFT mode (PAGE 2),8/10/12/14,IN/OUT,9p,7A,9n,7A,keyShift,未実装通知のみ,受信するがruntimeは未対応エラーを表示してreturn。サンプラーUIもstub。
240,PAD,P3,PAD 3,+SHIFT,KEY SHIFT mode (PAGE 2),9/11/13/15,IN/OUT,9p,7A,9n,7A,keyShift,未実装通知のみ,受信するがruntimeは未対応エラーを表示してreturn。サンプラーUIもstub。
241,PAD,P4,PAD 4,,HOT CUE mode (PAGE 1),8/10/12/14,IN/OUT,9p,03,9n,03,hotcue,部分実装,slot 0–7のみ設定/呼出/SHIFT削除。slot 8–15は未対応通知。
242,PAD,P4,PAD 4,+SHIFT,HOT CUE mode (PAGE 1),9/11/13/15,IN/OUT,9p,03,9n,03,hotcue,部分実装,slot 0–7のみ設定/呼出/SHIFT削除。slot 8–15は未対応通知。
243,PAD,P4,PAD 4,,HOT CUE mode (PAGE 2),8/10/12/14,IN/OUT,9p,0B,9n,0B,hotcue,部分実装,slot 0–7のみ設定/呼出/SHIFT削除。slot 8–15は未対応通知。
244,PAD,P4,PAD 4,+SHIFT,HOT CUE mode (PAGE 2),9/11/13/15,IN/OUT,9p,0B,9n,0B,hotcue,部分実装,slot 0–7のみ設定/呼出/SHIFT削除。slot 8–15は未対応通知。
245,PAD,P4,PAD 4,,PAD FX mode 1 (PAGE 1),8/10/12/14,IN/OUT,9p,13,9n,13,padFx,部分実装,PAD FX 1/2のモード識別が同じpadFxに潰れる。slot%8で両PAGE同一。SHIFT別動作なし。1デッキ1FX共有。
246,PAD,P4,PAD 4,+SHIFT,PAD FX mode 1 (PAGE 1),9/11/13/15,IN/OUT,9p,13,9n,13,padFx,部分実装,PAD FX 1/2のモード識別が同じpadFxに潰れる。slot%8で両PAGE同一。SHIFT別動作なし。1デッキ1FX共有。
247,PAD,P4,PAD 4,,PAD FX mode 1 (PAGE 2),8/10/12/14,IN/OUT,9p,1B,9n,1B,padFx,部分実装,PAD FX 1/2のモード識別が同じpadFxに潰れる。slot%8で両PAGE同一。SHIFT別動作なし。1デッキ1FX共有。
248,PAD,P4,PAD 4,+SHIFT,PAD FX mode 1 (PAGE 2),9/11/13/15,IN/OUT,9p,1B,9n,1B,padFx,部分実装,PAD FX 1/2のモード識別が同じpadFxに潰れる。slot%8で両PAGE同一。SHIFT別動作なし。1デッキ1FX共有。
249,PAD,P4,PAD 4,,BEAT JUMP mode (PAGE 1),8/10/12/14,IN/OUT,9p,23,9n,23,beatJumpPad,部分実装,slot%8でPAGE 2もPAGE 1と同じ。SHIFT別動作なし。
250,PAD,P4,PAD 4,+SHIFT,BEAT JUMP mode (PAGE 1),9/11/13/15,IN/OUT,9p,23,9n,23,beatJumpPad,部分実装,slot%8でPAGE 2もPAGE 1と同じ。SHIFT別動作なし。
251,PAD,P4,PAD 4,,BEAT JUMP mode (PAGE 2),8/10/12/14,IN/OUT,9p,2B,9n,2B,beatJumpPad,部分実装,slot%8でPAGE 2もPAGE 1と同じ。SHIFT別動作なし。
252,PAD,P4,PAD 4,+SHIFT,BEAT JUMP mode (PAGE 2),9/11/13/15,IN/OUT,9p,2B,9n,2B,beatJumpPad,部分実装,slot%8でPAGE 2もPAGE 1と同じ。SHIFT別動作なし。
253,PAD,P4,PAD 4,,SAMPLER mode (PAGE 1),8/10/12/14,IN/OUT,9p,33,9n,33,sampler,未実装通知のみ,受信するがruntimeは未対応エラーを表示してreturn。サンプラーUIもstub。
254,PAD,P4,PAD 4,+SHIFT,SAMPLER mode (PAGE 1),9/11/13/15,IN/OUT,9p,33,9n,33,sampler,未実装通知のみ,受信するがruntimeは未対応エラーを表示してreturn。サンプラーUIもstub。
255,PAD,P4,PAD 4,,SAMPLER mode (PAGE 2),8/10/12/14,IN/OUT,9p,3B,9n,3B,sampler,未実装通知のみ,受信するがruntimeは未対応エラーを表示してreturn。サンプラーUIもstub。
256,PAD,P4,PAD 4,+SHIFT,SAMPLER mode (PAGE 2),9/11/13/15,IN/OUT,9p,3B,9n,3B,sampler,未実装通知のみ,受信するがruntimeは未対応エラーを表示してreturn。サンプラーUIもstub。
257,PAD,P4,PAD 4,,KEYBOARD mode (PAGE 1),8/10/12/14,IN/OUT,9p,43,9n,43,keyboard,未実装通知のみ,受信するがruntimeは未対応エラーを表示してreturn。サンプラーUIもstub。
258,PAD,P4,PAD 4,+SHIFT,KEYBOARD mode (PAGE 1),9/11/13/15,IN/OUT,9p,43,9n,43,keyboard,未実装通知のみ,受信するがruntimeは未対応エラーを表示してreturn。サンプラーUIもstub。
259,PAD,P4,PAD 4,,KEYBOARD mode (PAGE 2),8/10/12/14,IN/OUT,9p,4B,9n,4B,keyboard,未実装通知のみ,受信するがruntimeは未対応エラーを表示してreturn。サンプラーUIもstub。
260,PAD,P4,PAD 4,+SHIFT,KEYBOARD mode (PAGE 2),9/11/13/15,IN/OUT,9p,4B,9n,4B,keyboard,未実装通知のみ,受信するがruntimeは未対応エラーを表示してreturn。サンプラーUIもstub。
261,PAD,P4,PAD 4,,PAD FX mode 2 (PAGE 1),8/10/12/14,IN/OUT,9p,53,9n,53,padFx,部分実装,PAD FX 1/2のモード識別が同じpadFxに潰れる。slot%8で両PAGE同一。SHIFT別動作なし。1デッキ1FX共有。
262,PAD,P4,PAD 4,+SHIFT,PAD FX mode 2 (PAGE 1),9/11/13/15,IN/OUT,9p,53,9n,53,padFx,部分実装,PAD FX 1/2のモード識別が同じpadFxに潰れる。slot%8で両PAGE同一。SHIFT別動作なし。1デッキ1FX共有。
263,PAD,P4,PAD 4,,PAD FX mode 2 (PAGE 2),8/10/12/14,IN/OUT,9p,5B,9n,5B,padFx,部分実装,PAD FX 1/2のモード識別が同じpadFxに潰れる。slot%8で両PAGE同一。SHIFT別動作なし。1デッキ1FX共有。
264,PAD,P4,PAD 4,+SHIFT,PAD FX mode 2 (PAGE 2),9/11/13/15,IN/OUT,9p,5B,9n,5B,padFx,部分実装,PAD FX 1/2のモード識別が同じpadFxに潰れる。slot%8で両PAGE同一。SHIFT別動作なし。1デッキ1FX共有。
265,PAD,P4,PAD 4,,BEAT LOOP mode (PAGE 1),8/10/12/14,IN/OUT,9p,63,9n,63,beatLoopPad,部分実装,slot%8でPAGE 2もPAGE 1と同じ。SHIFT別動作なし。
266,PAD,P4,PAD 4,+SHIFT,BEAT LOOP mode (PAGE 1),9/11/13/15,IN/OUT,9p,63,9n,63,beatLoopPad,部分実装,slot%8でPAGE 2もPAGE 1と同じ。SHIFT別動作なし。
267,PAD,P4,PAD 4,,BEAT LOOP mode (PAGE 2),8/10/12/14,IN/OUT,9p,6B,9n,6B,beatLoopPad,部分実装,slot%8でPAGE 2もPAGE 1と同じ。SHIFT別動作なし。
268,PAD,P4,PAD 4,+SHIFT,BEAT LOOP mode (PAGE 2),9/11/13/15,IN/OUT,9p,6B,9n,6B,beatLoopPad,部分実装,slot%8でPAGE 2もPAGE 1と同じ。SHIFT別動作なし。
269,PAD,P4,PAD 4,,KEY SHIFT mode (PAGE 1),8/10/12/14,IN/OUT,9p,73,9n,73,keyShift,未実装通知のみ,受信するがruntimeは未対応エラーを表示してreturn。サンプラーUIもstub。
270,PAD,P4,PAD 4,+SHIFT,KEY SHIFT mode (PAGE 1),9/11/13/15,IN/OUT,9p,73,9n,73,keyShift,未実装通知のみ,受信するがruntimeは未対応エラーを表示してreturn。サンプラーUIもstub。
271,PAD,P4,PAD 4,,KEY SHIFT mode (PAGE 2),8/10/12/14,IN/OUT,9p,7B,9n,7B,keyShift,未実装通知のみ,受信するがruntimeは未対応エラーを表示してreturn。サンプラーUIもstub。
272,PAD,P4,PAD 4,+SHIFT,KEY SHIFT mode (PAGE 2),9/11/13/15,IN/OUT,9p,7B,9n,7B,keyShift,未実装通知のみ,受信するがruntimeは未対応エラーを表示してreturn。サンプラーUIもstub。
273,PAD,P5,PAD 5,,HOT CUE mode (PAGE 1),8/10/12/14,IN/OUT,9p,04,9n,04,hotcue,部分実装,slot 0–7のみ設定/呼出/SHIFT削除。slot 8–15は未対応通知。
274,PAD,P5,PAD 5,+SHIFT,HOT CUE mode (PAGE 1),9/11/13/15,IN/OUT,9p,04,9n,04,hotcue,部分実装,slot 0–7のみ設定/呼出/SHIFT削除。slot 8–15は未対応通知。
275,PAD,P5,PAD 5,,HOT CUE mode (PAGE 2),8/10/12/14,IN/OUT,9p,0C,9n,0C,hotcue,部分実装,slot 0–7のみ設定/呼出/SHIFT削除。slot 8–15は未対応通知。
276,PAD,P5,PAD 5,+SHIFT,HOT CUE mode (PAGE 2),9/11/13/15,IN/OUT,9p,0C,9n,0C,hotcue,部分実装,slot 0–7のみ設定/呼出/SHIFT削除。slot 8–15は未対応通知。
277,PAD,P5,PAD 5,,PAD FX mode 1 (PAGE 1),8/10/12/14,IN/OUT,9p,14,9n,14,padFx,部分実装,PAD FX 1/2のモード識別が同じpadFxに潰れる。slot%8で両PAGE同一。SHIFT別動作なし。1デッキ1FX共有。
278,PAD,P5,PAD 5,+SHIFT,PAD FX mode 1 (PAGE 1),9/11/13/15,IN/OUT,9p,14,9n,14,padFx,部分実装,PAD FX 1/2のモード識別が同じpadFxに潰れる。slot%8で両PAGE同一。SHIFT別動作なし。1デッキ1FX共有。
279,PAD,P5,PAD 5,,PAD FX mode 1 (PAGE 2),8/10/12/14,IN/OUT,9p,1C,9n,1C,padFx,部分実装,PAD FX 1/2のモード識別が同じpadFxに潰れる。slot%8で両PAGE同一。SHIFT別動作なし。1デッキ1FX共有。
280,PAD,P5,PAD 5,+SHIFT,PAD FX mode 1 (PAGE 2),9/11/13/15,IN/OUT,9p,1C,9n,1C,padFx,部分実装,PAD FX 1/2のモード識別が同じpadFxに潰れる。slot%8で両PAGE同一。SHIFT別動作なし。1デッキ1FX共有。
281,PAD,P5,PAD 5,,BEAT JUMP mode (PAGE 1),8/10/12/14,IN/OUT,9p,24,9n,24,beatJumpPad,部分実装,slot%8でPAGE 2もPAGE 1と同じ。SHIFT別動作なし。
282,PAD,P5,PAD 5,+SHIFT,BEAT JUMP mode (PAGE 1),9/11/13/15,IN/OUT,9p,24,9n,24,beatJumpPad,部分実装,slot%8でPAGE 2もPAGE 1と同じ。SHIFT別動作なし。
283,PAD,P5,PAD 5,,BEAT JUMP mode (PAGE 2),8/10/12/14,IN/OUT,9p,2C,9n,2C,beatJumpPad,部分実装,slot%8でPAGE 2もPAGE 1と同じ。SHIFT別動作なし。
284,PAD,P5,PAD 5,+SHIFT,BEAT JUMP mode (PAGE 2),9/11/13/15,IN/OUT,9p,2C,9n,2C,beatJumpPad,部分実装,slot%8でPAGE 2もPAGE 1と同じ。SHIFT別動作なし。
285,PAD,P5,PAD 5,,SAMPLER mode (PAGE 1),8/10/12/14,IN/OUT,9p,34,9n,34,sampler,未実装通知のみ,受信するがruntimeは未対応エラーを表示してreturn。サンプラーUIもstub。
286,PAD,P5,PAD 5,+SHIFT,SAMPLER mode (PAGE 1),9/11/13/15,IN/OUT,9p,34,9n,34,sampler,未実装通知のみ,受信するがruntimeは未対応エラーを表示してreturn。サンプラーUIもstub。
287,PAD,P5,PAD 5,,SAMPLER mode (PAGE 2),8/10/12/14,IN/OUT,9p,3C,9n,3C,sampler,未実装通知のみ,受信するがruntimeは未対応エラーを表示してreturn。サンプラーUIもstub。
288,PAD,P5,PAD 5,+SHIFT,SAMPLER mode (PAGE 2),9/11/13/15,IN/OUT,9p,3C,9n,3C,sampler,未実装通知のみ,受信するがruntimeは未対応エラーを表示してreturn。サンプラーUIもstub。
289,PAD,P5,PAD 5,,KEYBOARD mode (PAGE 1),8/10/12/14,IN/OUT,9p,44,9n,44,keyboard,未実装通知のみ,受信するがruntimeは未対応エラーを表示してreturn。サンプラーUIもstub。
290,PAD,P5,PAD 5,+SHIFT,KEYBOARD mode (PAGE 1),9/11/13/15,IN/OUT,9p,44,9n,44,keyboard,未実装通知のみ,受信するがruntimeは未対応エラーを表示してreturn。サンプラーUIもstub。
291,PAD,P5,PAD 5,,KEYBOARD mode (PAGE 2),8/10/12/14,IN/OUT,9p,4C,9n,4C,keyboard,未実装通知のみ,受信するがruntimeは未対応エラーを表示してreturn。サンプラーUIもstub。
292,PAD,P5,PAD 5,+SHIFT,KEYBOARD mode (PAGE 2),9/11/13/15,IN/OUT,9p,4C,9n,4C,keyboard,未実装通知のみ,受信するがruntimeは未対応エラーを表示してreturn。サンプラーUIもstub。
293,PAD,P5,PAD 5,,PAD FX mode 2 (PAGE 1),8/10/12/14,IN/OUT,9p,54,9n,54,padFx,部分実装,PAD FX 1/2のモード識別が同じpadFxに潰れる。slot%8で両PAGE同一。SHIFT別動作なし。1デッキ1FX共有。
294,PAD,P5,PAD 5,+SHIFT,PAD FX mode 2 (PAGE 1),9/11/13/15,IN/OUT,9p,54,9n,54,padFx,部分実装,PAD FX 1/2のモード識別が同じpadFxに潰れる。slot%8で両PAGE同一。SHIFT別動作なし。1デッキ1FX共有。
295,PAD,P5,PAD 5,,PAD FX mode 2 (PAGE 2),8/10/12/14,IN/OUT,9p,5C,9n,5C,padFx,部分実装,PAD FX 1/2のモード識別が同じpadFxに潰れる。slot%8で両PAGE同一。SHIFT別動作なし。1デッキ1FX共有。
296,PAD,P5,PAD 5,+SHIFT,PAD FX mode 2 (PAGE 2),9/11/13/15,IN/OUT,9p,5C,9n,5C,padFx,部分実装,PAD FX 1/2のモード識別が同じpadFxに潰れる。slot%8で両PAGE同一。SHIFT別動作なし。1デッキ1FX共有。
297,PAD,P5,PAD 5,,BEAT LOOP mode (PAGE 1),8/10/12/14,IN/OUT,9p,64,9n,64,beatLoopPad,部分実装,slot%8でPAGE 2もPAGE 1と同じ。SHIFT別動作なし。
298,PAD,P5,PAD 5,+SHIFT,BEAT LOOP mode (PAGE 1),9/11/13/15,IN/OUT,9p,64,9n,64,beatLoopPad,部分実装,slot%8でPAGE 2もPAGE 1と同じ。SHIFT別動作なし。
299,PAD,P5,PAD 5,,BEAT LOOP mode (PAGE 2),8/10/12/14,IN/OUT,9p,6C,9n,6C,beatLoopPad,部分実装,slot%8でPAGE 2もPAGE 1と同じ。SHIFT別動作なし。
300,PAD,P5,PAD 5,+SHIFT,BEAT LOOP mode (PAGE 2),9/11/13/15,IN/OUT,9p,6C,9n,6C,beatLoopPad,部分実装,slot%8でPAGE 2もPAGE 1と同じ。SHIFT別動作なし。
301,PAD,P5,PAD 5,,KEY SHIFT mode (PAGE 1),8/10/12/14,IN/OUT,9p,74,9n,74,keyShift,未実装通知のみ,受信するがruntimeは未対応エラーを表示してreturn。サンプラーUIもstub。
302,PAD,P5,PAD 5,+SHIFT,KEY SHIFT mode (PAGE 1),9/11/13/15,IN/OUT,9p,74,9n,74,keyShift,未実装通知のみ,受信するがruntimeは未対応エラーを表示してreturn。サンプラーUIもstub。
303,PAD,P5,PAD 5,,KEY SHIFT mode (PAGE 2),8/10/12/14,IN/OUT,9p,7C,9n,7C,keyShift,未実装通知のみ,受信するがruntimeは未対応エラーを表示してreturn。サンプラーUIもstub。
304,PAD,P5,PAD 5,+SHIFT,KEY SHIFT mode (PAGE 2),9/11/13/15,IN/OUT,9p,7C,9n,7C,keyShift,未実装通知のみ,受信するがruntimeは未対応エラーを表示してreturn。サンプラーUIもstub。
305,PAD,P6,PAD 6,,HOT CUE mode (PAGE 1),8/10/12/14,IN/OUT,9p,05,9n,05,hotcue,部分実装,slot 0–7のみ設定/呼出/SHIFT削除。slot 8–15は未対応通知。
306,PAD,P6,PAD 6,+SHIFT,HOT CUE mode (PAGE 1),9/11/13/15,IN/OUT,9p,05,9n,05,hotcue,部分実装,slot 0–7のみ設定/呼出/SHIFT削除。slot 8–15は未対応通知。
307,PAD,P6,PAD 6,,HOT CUE mode (PAGE 2),8/10/12/14,IN/OUT,9p,0D,9n,0D,hotcue,部分実装,slot 0–7のみ設定/呼出/SHIFT削除。slot 8–15は未対応通知。
308,PAD,P6,PAD 6,+SHIFT,HOT CUE mode (PAGE 2),9/11/13/15,IN/OUT,9p,0D,9n,0D,hotcue,部分実装,slot 0–7のみ設定/呼出/SHIFT削除。slot 8–15は未対応通知。
309,PAD,P6,PAD 6,,PAD FX mode 1 (PAGE 1),8/10/12/14,IN/OUT,9p,15,9n,15,padFx,部分実装,PAD FX 1/2のモード識別が同じpadFxに潰れる。slot%8で両PAGE同一。SHIFT別動作なし。1デッキ1FX共有。
310,PAD,P6,PAD 6,+SHIFT,PAD FX mode 1 (PAGE 1),9/11/13/15,IN/OUT,9p,15,9n,15,padFx,部分実装,PAD FX 1/2のモード識別が同じpadFxに潰れる。slot%8で両PAGE同一。SHIFT別動作なし。1デッキ1FX共有。
311,PAD,P6,PAD 6,,PAD FX mode 1 (PAGE 2),8/10/12/14,IN/OUT,9p,1D,9n,1D,padFx,部分実装,PAD FX 1/2のモード識別が同じpadFxに潰れる。slot%8で両PAGE同一。SHIFT別動作なし。1デッキ1FX共有。
312,PAD,P6,PAD 6,+SHIFT,PAD FX mode 1 (PAGE 2),9/11/13/15,IN/OUT,9p,1D,9n,1D,padFx,部分実装,PAD FX 1/2のモード識別が同じpadFxに潰れる。slot%8で両PAGE同一。SHIFT別動作なし。1デッキ1FX共有。
313,PAD,P6,PAD 6,,BEAT JUMP mode (PAGE 1),8/10/12/14,IN/OUT,9p,25,9n,25,beatJumpPad,部分実装,slot%8でPAGE 2もPAGE 1と同じ。SHIFT別動作なし。
314,PAD,P6,PAD 6,+SHIFT,BEAT JUMP mode (PAGE 1),9/11/13/15,IN/OUT,9p,25,9n,25,beatJumpPad,部分実装,slot%8でPAGE 2もPAGE 1と同じ。SHIFT別動作なし。
315,PAD,P6,PAD 6,,BEAT JUMP mode (PAGE 2),8/10/12/14,IN/OUT,9p,2D,9n,2D,beatJumpPad,部分実装,slot%8でPAGE 2もPAGE 1と同じ。SHIFT別動作なし。
316,PAD,P6,PAD 6,+SHIFT,BEAT JUMP mode (PAGE 2),9/11/13/15,IN/OUT,9p,2D,9n,2D,beatJumpPad,部分実装,slot%8でPAGE 2もPAGE 1と同じ。SHIFT別動作なし。
317,PAD,P6,PAD 6,,SAMPLER mode (PAGE 1),8/10/12/14,IN/OUT,9p,35,9n,35,sampler,未実装通知のみ,受信するがruntimeは未対応エラーを表示してreturn。サンプラーUIもstub。
318,PAD,P6,PAD 6,+SHIFT,SAMPLER mode (PAGE 1),9/11/13/15,IN/OUT,9p,35,9n,35,sampler,未実装通知のみ,受信するがruntimeは未対応エラーを表示してreturn。サンプラーUIもstub。
319,PAD,P6,PAD 6,,SAMPLER mode (PAGE 2),8/10/12/14,IN/OUT,9p,3D,9n,3D,sampler,未実装通知のみ,受信するがruntimeは未対応エラーを表示してreturn。サンプラーUIもstub。
320,PAD,P6,PAD 6,+SHIFT,SAMPLER mode (PAGE 2),9/11/13/15,IN/OUT,9p,3D,9n,3D,sampler,未実装通知のみ,受信するがruntimeは未対応エラーを表示してreturn。サンプラーUIもstub。
321,PAD,P6,PAD 6,,KEYBOARD mode (PAGE 1),8/10/12/14,IN/OUT,9p,45,9n,45,keyboard,未実装通知のみ,受信するがruntimeは未対応エラーを表示してreturn。サンプラーUIもstub。
322,PAD,P6,PAD 6,+SHIFT,KEYBOARD mode (PAGE 1),9/11/13/15,IN/OUT,9p,45,9n,45,keyboard,未実装通知のみ,受信するがruntimeは未対応エラーを表示してreturn。サンプラーUIもstub。
323,PAD,P6,PAD 6,,KEYBOARD mode (PAGE 2),8/10/12/14,IN/OUT,9p,4D,9n,4D,keyboard,未実装通知のみ,受信するがruntimeは未対応エラーを表示してreturn。サンプラーUIもstub。
324,PAD,P6,PAD 6,+SHIFT,KEYBOARD mode (PAGE 2),9/11/13/15,IN/OUT,9p,4D,9n,4D,keyboard,未実装通知のみ,受信するがruntimeは未対応エラーを表示してreturn。サンプラーUIもstub。
325,PAD,P6,PAD 6,,PAD FX mode 2 (PAGE 1),8/10/12/14,IN/OUT,9p,55,9n,55,padFx,部分実装,PAD FX 1/2のモード識別が同じpadFxに潰れる。slot%8で両PAGE同一。SHIFT別動作なし。1デッキ1FX共有。
326,PAD,P6,PAD 6,+SHIFT,PAD FX mode 2 (PAGE 1),9/11/13/15,IN/OUT,9p,55,9n,55,padFx,部分実装,PAD FX 1/2のモード識別が同じpadFxに潰れる。slot%8で両PAGE同一。SHIFT別動作なし。1デッキ1FX共有。
327,PAD,P6,PAD 6,,PAD FX mode 2 (PAGE 2),8/10/12/14,IN/OUT,9p,5D,9n,5D,padFx,部分実装,PAD FX 1/2のモード識別が同じpadFxに潰れる。slot%8で両PAGE同一。SHIFT別動作なし。1デッキ1FX共有。
328,PAD,P6,PAD 6,+SHIFT,PAD FX mode 2 (PAGE 2),9/11/13/15,IN/OUT,9p,5D,9n,5D,padFx,部分実装,PAD FX 1/2のモード識別が同じpadFxに潰れる。slot%8で両PAGE同一。SHIFT別動作なし。1デッキ1FX共有。
329,PAD,P6,PAD 6,,BEAT LOOP mode (PAGE 1),8/10/12/14,IN/OUT,9p,65,9n,65,beatLoopPad,部分実装,slot%8でPAGE 2もPAGE 1と同じ。SHIFT別動作なし。
330,PAD,P6,PAD 6,+SHIFT,BEAT LOOP mode (PAGE 1),9/11/13/15,IN/OUT,9p,65,9n,65,beatLoopPad,部分実装,slot%8でPAGE 2もPAGE 1と同じ。SHIFT別動作なし。
331,PAD,P6,PAD 6,,BEAT LOOP mode (PAGE 2),8/10/12/14,IN/OUT,9p,6D,9n,6D,beatLoopPad,部分実装,slot%8でPAGE 2もPAGE 1と同じ。SHIFT別動作なし。
332,PAD,P6,PAD 6,+SHIFT,BEAT LOOP mode (PAGE 2),9/11/13/15,IN/OUT,9p,6D,9n,6D,beatLoopPad,部分実装,slot%8でPAGE 2もPAGE 1と同じ。SHIFT別動作なし。
333,PAD,P6,PAD 6,,KEY SHIFT mode (PAGE 1),8/10/12/14,IN/OUT,9p,75,9n,75,keyShift,未実装通知のみ,受信するがruntimeは未対応エラーを表示してreturn。サンプラーUIもstub。
334,PAD,P6,PAD 6,+SHIFT,KEY SHIFT mode (PAGE 1),9/11/13/15,IN/OUT,9p,75,9n,75,keyShift,未実装通知のみ,受信するがruntimeは未対応エラーを表示してreturn。サンプラーUIもstub。
335,PAD,P6,PAD 6,,KEY SHIFT mode (PAGE 2),8/10/12/14,IN/OUT,9p,7D,9n,7D,keyShift,未実装通知のみ,受信するがruntimeは未対応エラーを表示してreturn。サンプラーUIもstub。
336,PAD,P6,PAD 6,+SHIFT,KEY SHIFT mode (PAGE 2),9/11/13/15,IN/OUT,9p,7D,9n,7D,keyShift,未実装通知のみ,受信するがruntimeは未対応エラーを表示してreturn。サンプラーUIもstub。
337,PAD,P7,PAD 7,,HOT CUE mode (PAGE 1),8/10/12/14,IN/OUT,9p,06,9n,06,hotcue,部分実装,slot 0–7のみ設定/呼出/SHIFT削除。slot 8–15は未対応通知。
338,PAD,P7,PAD 7,+SHIFT,HOT CUE mode (PAGE 1),9/11/13/15,IN/OUT,9p,06,9n,06,hotcue,部分実装,slot 0–7のみ設定/呼出/SHIFT削除。slot 8–15は未対応通知。
339,PAD,P7,PAD 7,,HOT CUE mode (PAGE 2),8/10/12/14,IN/OUT,9p,0E,9n,0E,hotcue,部分実装,slot 0–7のみ設定/呼出/SHIFT削除。slot 8–15は未対応通知。
340,PAD,P7,PAD 7,+SHIFT,HOT CUE mode (PAGE 2),9/11/13/15,IN/OUT,9p,0E,9n,0E,hotcue,部分実装,slot 0–7のみ設定/呼出/SHIFT削除。slot 8–15は未対応通知。
341,PAD,P7,PAD 7,,PAD FX mode 1 (PAGE 1),8/10/12/14,IN/OUT,9p,16,9n,16,padFx,部分実装,PAD FX 1/2のモード識別が同じpadFxに潰れる。slot%8で両PAGE同一。SHIFT別動作なし。1デッキ1FX共有。
342,PAD,P7,PAD 7,+SHIFT,PAD FX mode 1 (PAGE 1),9/11/13/15,IN/OUT,9p,16,9n,16,padFx,部分実装,PAD FX 1/2のモード識別が同じpadFxに潰れる。slot%8で両PAGE同一。SHIFT別動作なし。1デッキ1FX共有。
343,PAD,P7,PAD 7,,PAD FX mode 1 (PAGE 2),8/10/12/14,IN/OUT,9p,1E,9n,1E,padFx,部分実装,PAD FX 1/2のモード識別が同じpadFxに潰れる。slot%8で両PAGE同一。SHIFT別動作なし。1デッキ1FX共有。
344,PAD,P7,PAD 7,+SHIFT,PAD FX mode 1 (PAGE 2),9/11/13/15,IN/OUT,9p,1E,9n,1E,padFx,部分実装,PAD FX 1/2のモード識別が同じpadFxに潰れる。slot%8で両PAGE同一。SHIFT別動作なし。1デッキ1FX共有。
345,PAD,P7,PAD 7,,BEAT JUMP mode (PAGE 1),8/10/12/14,IN/OUT,9p,26,9n,26,beatJumpPad,部分実装,slot%8でPAGE 2もPAGE 1と同じ。SHIFT別動作なし。
346,PAD,P7,PAD 7,+SHIFT,BEAT JUMP mode (PAGE 1),9/11/13/15,IN/OUT,9p,26,9n,26,beatJumpPad,部分実装,slot%8でPAGE 2もPAGE 1と同じ。SHIFT別動作なし。
347,PAD,P7,PAD 7,,BEAT JUMP mode (PAGE 2),8/10/12/14,IN/OUT,9p,2E,9n,2E,beatJumpPad,部分実装,slot%8でPAGE 2もPAGE 1と同じ。SHIFT別動作なし。
348,PAD,P7,PAD 7,+SHIFT,BEAT JUMP mode (PAGE 2),9/11/13/15,IN/OUT,9p,2E,9n,2E,beatJumpPad,部分実装,slot%8でPAGE 2もPAGE 1と同じ。SHIFT別動作なし。
349,PAD,P7,PAD 7,,SAMPLER mode (PAGE 1),8/10/12/14,IN/OUT,9p,36,9n,36,sampler,未実装通知のみ,受信するがruntimeは未対応エラーを表示してreturn。サンプラーUIもstub。
350,PAD,P7,PAD 7,+SHIFT,SAMPLER mode (PAGE 1),9/11/13/15,IN/OUT,9p,36,9n,36,sampler,未実装通知のみ,受信するがruntimeは未対応エラーを表示してreturn。サンプラーUIもstub。
351,PAD,P7,PAD 7,,SAMPLER mode (PAGE 2),8/10/12/14,IN/OUT,9p,3E,9n,3E,sampler,未実装通知のみ,受信するがruntimeは未対応エラーを表示してreturn。サンプラーUIもstub。
352,PAD,P7,PAD 7,+SHIFT,SAMPLER mode (PAGE 2),9/11/13/15,IN/OUT,9p,3E,9n,3E,sampler,未実装通知のみ,受信するがruntimeは未対応エラーを表示してreturn。サンプラーUIもstub。
353,PAD,P7,PAD 7,,KEYBOARD mode (PAGE 1),8/10/12/14,IN/OUT,9p,46,9n,46,keyboard,未実装通知のみ,受信するがruntimeは未対応エラーを表示してreturn。サンプラーUIもstub。
354,PAD,P7,PAD 7,+SHIFT,KEYBOARD mode (PAGE 1),9/11/13/15,IN/OUT,9p,46,9n,46,keyboard,未実装通知のみ,受信するがruntimeは未対応エラーを表示してreturn。サンプラーUIもstub。
355,PAD,P7,PAD 7,,KEYBOARD mode (PAGE 2),8/10/12/14,IN/OUT,9p,4E,9n,4E,keyboard,未実装通知のみ,受信するがruntimeは未対応エラーを表示してreturn。サンプラーUIもstub。
356,PAD,P7,PAD 7,+SHIFT,KEYBOARD mode (PAGE 2),9/11/13/15,IN/OUT,9p,4E,9n,4E,keyboard,未実装通知のみ,受信するがruntimeは未対応エラーを表示してreturn。サンプラーUIもstub。
357,PAD,P7,PAD 7,,PAD FX mode 2 (PAGE 1),8/10/12/14,IN/OUT,9p,56,9n,56,padFx,部分実装,PAD FX 1/2のモード識別が同じpadFxに潰れる。slot%8で両PAGE同一。SHIFT別動作なし。1デッキ1FX共有。
358,PAD,P7,PAD 7,+SHIFT,PAD FX mode 2 (PAGE 1),9/11/13/15,IN/OUT,9p,56,9n,56,padFx,部分実装,PAD FX 1/2のモード識別が同じpadFxに潰れる。slot%8で両PAGE同一。SHIFT別動作なし。1デッキ1FX共有。
359,PAD,P7,PAD 7,,PAD FX mode 2 (PAGE 2),8/10/12/14,IN/OUT,9p,5E,9n,5E,padFx,部分実装,PAD FX 1/2のモード識別が同じpadFxに潰れる。slot%8で両PAGE同一。SHIFT別動作なし。1デッキ1FX共有。
360,PAD,P7,PAD 7,+SHIFT,PAD FX mode 2 (PAGE 2),9/11/13/15,IN/OUT,9p,5E,9n,5E,padFx,部分実装,PAD FX 1/2のモード識別が同じpadFxに潰れる。slot%8で両PAGE同一。SHIFT別動作なし。1デッキ1FX共有。
361,PAD,P7,PAD 7,,BEAT LOOP mode (PAGE 1),8/10/12/14,IN/OUT,9p,66,9n,66,beatLoopPad,部分実装,slot%8でPAGE 2もPAGE 1と同じ。SHIFT別動作なし。
362,PAD,P7,PAD 7,+SHIFT,BEAT LOOP mode (PAGE 1),9/11/13/15,IN/OUT,9p,66,9n,66,beatLoopPad,部分実装,slot%8でPAGE 2もPAGE 1と同じ。SHIFT別動作なし。
363,PAD,P7,PAD 7,,BEAT LOOP mode (PAGE 2),8/10/12/14,IN/OUT,9p,6E,9n,6E,beatLoopPad,部分実装,slot%8でPAGE 2もPAGE 1と同じ。SHIFT別動作なし。
364,PAD,P7,PAD 7,+SHIFT,BEAT LOOP mode (PAGE 2),9/11/13/15,IN/OUT,9p,6E,9n,6E,beatLoopPad,部分実装,slot%8でPAGE 2もPAGE 1と同じ。SHIFT別動作なし。
365,PAD,P7,PAD 7,,KEY SHIFT mode (PAGE 1),8/10/12/14,IN/OUT,9p,76,9n,76,keyShift,未実装通知のみ,受信するがruntimeは未対応エラーを表示してreturn。サンプラーUIもstub。
366,PAD,P7,PAD 7,+SHIFT,KEY SHIFT mode (PAGE 1),9/11/13/15,IN/OUT,9p,76,9n,76,keyShift,未実装通知のみ,受信するがruntimeは未対応エラーを表示してreturn。サンプラーUIもstub。
367,PAD,P7,PAD 7,,KEY SHIFT mode (PAGE 2),8/10/12/14,IN/OUT,9p,7E,9n,7E,keyShift,未実装通知のみ,受信するがruntimeは未対応エラーを表示してreturn。サンプラーUIもstub。
368,PAD,P7,PAD 7,+SHIFT,KEY SHIFT mode (PAGE 2),9/11/13/15,IN/OUT,9p,7E,9n,7E,keyShift,未実装通知のみ,受信するがruntimeは未対応エラーを表示してreturn。サンプラーUIもstub。
369,PAD,P8,PAD 8,,HOT CUE mode (PAGE 1),8/10/12/14,IN/OUT,9p,07,9n,07,hotcue,部分実装,slot 0–7のみ設定/呼出/SHIFT削除。slot 8–15は未対応通知。
370,PAD,P8,PAD 8,+SHIFT,HOT CUE mode (PAGE 1),9/11/13/15,IN/OUT,9p,07,9n,07,hotcue,部分実装,slot 0–7のみ設定/呼出/SHIFT削除。slot 8–15は未対応通知。
371,PAD,P8,PAD 8,,HOT CUE mode (PAGE 2),8/10/12/14,IN/OUT,9p,0F,9n,0F,hotcue,部分実装,slot 0–7のみ設定/呼出/SHIFT削除。slot 8–15は未対応通知。
372,PAD,P8,PAD 8,+SHIFT,HOT CUE mode (PAGE 2),9/11/13/15,IN/OUT,9p,0F,9n,0F,hotcue,部分実装,slot 0–7のみ設定/呼出/SHIFT削除。slot 8–15は未対応通知。
373,PAD,P8,PAD 8,,PAD FX mode 1 (PAGE 1),8/10/12/14,IN/OUT,9p,17,9n,17,padFx,部分実装,PAD FX 1/2のモード識別が同じpadFxに潰れる。slot%8で両PAGE同一。SHIFT別動作なし。1デッキ1FX共有。
374,PAD,P8,PAD 8,+SHIFT,PAD FX mode 1 (PAGE 1),9/11/13/15,IN/OUT,9p,17,9n,17,padFx,部分実装,PAD FX 1/2のモード識別が同じpadFxに潰れる。slot%8で両PAGE同一。SHIFT別動作なし。1デッキ1FX共有。
375,PAD,P8,PAD 8,,PAD FX mode 1 (PAGE 2),8/10/12/14,IN/OUT,9p,1F,9n,1F,padFx,部分実装,PAD FX 1/2のモード識別が同じpadFxに潰れる。slot%8で両PAGE同一。SHIFT別動作なし。1デッキ1FX共有。
376,PAD,P8,PAD 8,+SHIFT,PAD FX mode 1 (PAGE 2),9/11/13/15,IN/OUT,9p,1F,9n,1F,padFx,部分実装,PAD FX 1/2のモード識別が同じpadFxに潰れる。slot%8で両PAGE同一。SHIFT別動作なし。1デッキ1FX共有。
377,PAD,P8,PAD 8,,BEAT JUMP mode (PAGE 1),8/10/12/14,IN/OUT,9p,27,9n,27,beatJumpPad,部分実装,slot%8でPAGE 2もPAGE 1と同じ。SHIFT別動作なし。
378,PAD,P8,PAD 8,+SHIFT,BEAT JUMP mode (PAGE 1),9/11/13/15,IN/OUT,9p,27,9n,27,beatJumpPad,部分実装,slot%8でPAGE 2もPAGE 1と同じ。SHIFT別動作なし。
379,PAD,P8,PAD 8,,BEAT JUMP mode (PAGE 2),8/10/12/14,IN/OUT,9p,2F,9n,2F,beatJumpPad,部分実装,slot%8でPAGE 2もPAGE 1と同じ。SHIFT別動作なし。
380,PAD,P8,PAD 8,+SHIFT,BEAT JUMP mode (PAGE 2),9/11/13/15,IN/OUT,9p,2F,9n,2F,beatJumpPad,部分実装,slot%8でPAGE 2もPAGE 1と同じ。SHIFT別動作なし。
381,PAD,P8,PAD 8,,SAMPLER mode (PAGE 1),8/10/12/14,IN/OUT,9p,37,9n,37,sampler,未実装通知のみ,受信するがruntimeは未対応エラーを表示してreturn。サンプラーUIもstub。
382,PAD,P8,PAD 8,+SHIFT,SAMPLER mode (PAGE 1),9/11/13/15,IN/OUT,9p,37,9n,37,sampler,未実装通知のみ,受信するがruntimeは未対応エラーを表示してreturn。サンプラーUIもstub。
383,PAD,P8,PAD 8,,SAMPLER mode (PAGE 2),8/10/12/14,IN/OUT,9p,3F,9n,3F,sampler,未実装通知のみ,受信するがruntimeは未対応エラーを表示してreturn。サンプラーUIもstub。
384,PAD,P8,PAD 8,+SHIFT,SAMPLER mode (PAGE 2),9/11/13/15,IN/OUT,9p,3F,9n,3F,sampler,未実装通知のみ,受信するがruntimeは未対応エラーを表示してreturn。サンプラーUIもstub。
385,PAD,P8,PAD 8,,KEYBOARD mode (PAGE 1),8/10/12/14,IN/OUT,9p,47,9n,47,keyboard,未実装通知のみ,受信するがruntimeは未対応エラーを表示してreturn。サンプラーUIもstub。
386,PAD,P8,PAD 8,+SHIFT,KEYBOARD mode (PAGE 1),9/11/13/15,IN/OUT,9p,47,9n,47,keyboard,未実装通知のみ,受信するがruntimeは未対応エラーを表示してreturn。サンプラーUIもstub。
387,PAD,P8,PAD 8,,KEYBOARD mode (PAGE 2),8/10/12/14,IN/OUT,9p,4F,9n,4F,keyboard,未実装通知のみ,受信するがruntimeは未対応エラーを表示してreturn。サンプラーUIもstub。
388,PAD,P8,PAD 8,+SHIFT,KEYBOARD mode (PAGE 2),9/11/13/15,IN/OUT,9p,4F,9n,4F,keyboard,未実装通知のみ,受信するがruntimeは未対応エラーを表示してreturn。サンプラーUIもstub。
389,PAD,P8,PAD 8,,PAD FX mode 2 (PAGE 1),8/10/12/14,IN/OUT,9p,57,9n,57,padFx,部分実装,PAD FX 1/2のモード識別が同じpadFxに潰れる。slot%8で両PAGE同一。SHIFT別動作なし。1デッキ1FX共有。
390,PAD,P8,PAD 8,+SHIFT,PAD FX mode 2 (PAGE 1),9/11/13/15,IN/OUT,9p,57,9n,57,padFx,部分実装,PAD FX 1/2のモード識別が同じpadFxに潰れる。slot%8で両PAGE同一。SHIFT別動作なし。1デッキ1FX共有。
391,PAD,P8,PAD 8,,PAD FX mode 2 (PAGE 2),8/10/12/14,IN/OUT,9p,5F,9n,5F,padFx,部分実装,PAD FX 1/2のモード識別が同じpadFxに潰れる。slot%8で両PAGE同一。SHIFT別動作なし。1デッキ1FX共有。
392,PAD,P8,PAD 8,+SHIFT,PAD FX mode 2 (PAGE 2),9/11/13/15,IN/OUT,9p,5F,9n,5F,padFx,部分実装,PAD FX 1/2のモード識別が同じpadFxに潰れる。slot%8で両PAGE同一。SHIFT別動作なし。1デッキ1FX共有。
393,PAD,P8,PAD 8,,BEAT LOOP mode (PAGE 1),8/10/12/14,IN/OUT,9p,67,9n,67,beatLoopPad,部分実装,slot%8でPAGE 2もPAGE 1と同じ。SHIFT別動作なし。
394,PAD,P8,PAD 8,+SHIFT,BEAT LOOP mode (PAGE 1),9/11/13/15,IN/OUT,9p,67,9n,67,beatLoopPad,部分実装,slot%8でPAGE 2もPAGE 1と同じ。SHIFT別動作なし。
395,PAD,P8,PAD 8,,BEAT LOOP mode (PAGE 2),8/10/12/14,IN/OUT,9p,6F,9n,6F,beatLoopPad,部分実装,slot%8でPAGE 2もPAGE 1と同じ。SHIFT別動作なし。
396,PAD,P8,PAD 8,+SHIFT,BEAT LOOP mode (PAGE 2),9/11/13/15,IN/OUT,9p,6F,9n,6F,beatLoopPad,部分実装,slot%8でPAGE 2もPAGE 1と同じ。SHIFT別動作なし。
397,PAD,P8,PAD 8,,KEY SHIFT mode (PAGE 1),8/10/12/14,IN/OUT,9p,77,9n,77,keyShift,未実装通知のみ,受信するがruntimeは未対応エラーを表示してreturn。サンプラーUIもstub。
398,PAD,P8,PAD 8,+SHIFT,KEY SHIFT mode (PAGE 1),9/11/13/15,IN/OUT,9p,77,9n,77,keyShift,未実装通知のみ,受信するがruntimeは未対応エラーを表示してreturn。サンプラーUIもstub。
399,PAD,P8,PAD 8,,KEY SHIFT mode (PAGE 2),8/10/12/14,IN/OUT,9p,7F,9n,7F,keyShift,未実装通知のみ,受信するがruntimeは未対応エラーを表示してreturn。サンプラーUIもstub。
400,PAD,P8,PAD 8,+SHIFT,KEY SHIFT mode (PAGE 2),9/11/13/15,IN/OUT,9p,7F,9n,7F,keyShift,未実装通知のみ,受信するがruntimeは未対応エラーを表示してreturn。サンプラーUIもstub。
401,PAD,P9,HOT CUE,,,1/2/3/4,IN/OUT,9n,1B,9n,1B,hotcueMode,動作経路あり,デコーダーからruntime/UI処理あり。公式機能との完全同等性・実機音声/LEDはこの監査では未検証。
402,PAD,P9,HOT CUE,+SHIFT,,1/2/3/4,IN/OUT,9n,69,9n,69,keyboard,未実装通知のみ,受信するがruntimeは未対応エラーを表示してreturn。サンプラーUIもstub。
403,PAD,P10,PAD FX,,,1/2/3/4,IN/OUT,9n,1E,9n,1E,fxMode,部分実装,PAD FX 1/2の別設定なし。PAGEはBEAT JUMP通常2入力だけ範囲変更に使用。
404,PAD,P10,PAD FX,+SHIFT,,1/2/3/4,IN/OUT,9n,6B,9n,6B,fxMode,部分実装,PAD FX 1/2の別設定なし。PAGEはBEAT JUMP通常2入力だけ範囲変更に使用。
405,PAD,P11,BEAT JUMP,,,1/2/3/4,IN/OUT,9n,20,9n,20,jumpMode,動作経路あり,デコーダーからruntime/UI処理あり。公式機能との完全同等性・実機音声/LEDはこの監査では未検証。
406,PAD,P11,BEAT JUMP,+SHIFT,,1/2/3/4,IN/OUT,9n,6D,9n,6D,loopMode,動作経路あり,デコーダーからruntime/UI処理あり。公式機能との完全同等性・実機音声/LEDはこの監査では未検証。
407,PAD,P12,SAMPLER,,,1/2/3/4,IN/OUT,9n,22,9n,22,sampler,未実装通知のみ,受信するがruntimeは未対応エラーを表示してreturn。サンプラーUIもstub。
408,PAD,P12,SAMPLER,+SHIFT,,1/2/3/4,IN/OUT,9n,6F,9n,6F,keyShift,未実装通知のみ,受信するがruntimeは未対応エラーを表示してreturn。サンプラーUIもstub。
409,PAD,P13,PAGE ◀ (*1),,HOT CUE mode,1/2/3/4,IN/OUT,9n,24,9n,24,,未デコード,公式入力を渡してもアクションなし。
410,PAD,P13,PAGE ◀ (*1),+SHIFT,HOT CUE mode,1/2/3/4,IN/OUT,9n,01,9n,01,,未デコード,公式入力を渡してもアクションなし。
411,PAD,P13,PAGE ◀ (*1),,PAD FX mode 1,1/2/3/4,IN/OUT,9n,25,9n,25,,未デコード,公式入力を渡してもアクションなし。
412,PAD,P13,PAGE ◀ (*1),+SHIFT,PAD FX mode 1,1/2/3/4,IN/OUT,9n,02,9n,02,,未デコード,公式入力を渡してもアクションなし。
413,PAD,P13,PAGE ◀ (*1),,BEAT JUMP mode,1/2/3/4,IN/OUT,9n,26,9n,26,jumpRangeDown,部分実装,PAD FX 1/2の別設定なし。PAGEはBEAT JUMP通常2入力だけ範囲変更に使用。
414,PAD,P13,PAGE ◀ (*1),+SHIFT,BEAT JUMP mode,1/2/3/4,IN/OUT,9n,03,9n,03,,未デコード,公式入力を渡してもアクションなし。
415,PAD,P13,PAGE ◀ (*1),,SAMPLER mode,1/2/3/4,IN/OUT,9n,27,9n,27,,未デコード,公式入力を渡してもアクションなし。
416,PAD,P13,PAGE ◀ (*1),+SHIFT,SAMPLER mode,1/2/3/4,IN/OUT,9n,04,9n,04,,未デコード,公式入力を渡してもアクションなし。
417,PAD,P13,PAGE ◀ (*1),,KEYBOARD mode,1/2/3/4,IN/OUT,9n,28,9n,28,,未デコード,公式入力を渡してもアクションなし。
418,PAD,P13,PAGE ◀ (*1),+SHIFT,KEYBOARD mode,1/2/3/4,IN/OUT,9n,05,9n,05,,未デコード,公式入力を渡してもアクションなし。
419,PAD,P13,PAGE ◀ (*1),,PAD FX mode 2,1/2/3/4,IN/OUT,9n,29,9n,29,,未デコード,公式入力を渡してもアクションなし。
420,PAD,P13,PAGE ◀ (*1),+SHIFT,PAD FX mode 2,1/2/3/4,IN/OUT,9n,06,9n,06,,未デコード,公式入力を渡してもアクションなし。
421,PAD,P13,PAGE ◀ (*1),,BEAT LOOP mode,1/2/3/4,IN/OUT,9n,2A,9n,2A,,未デコード,公式入力を渡してもアクションなし。
422,PAD,P13,PAGE ◀ (*1),+SHIFT,BEAT LOOP mode,1/2/3/4,IN/OUT,9n,07,9n,07,,未デコード,公式入力を渡してもアクションなし。
423,PAD,P13,PAGE ◀ (*1),,KEY SHIFT mode,1/2/3/4,IN/OUT,9n,2B,9n,2B,,未デコード,公式入力を渡してもアクションなし。
424,PAD,P13,PAGE ◀ (*1),+SHIFT,KEY SHIFT mode,1/2/3/4,IN/OUT,9n,08,9n,08,,未デコード,公式入力を渡してもアクションなし。
425,PAD,P14,PAGE ▶ (*1),,HOT CUE mode,1/2/3/4,IN/OUT,9n,2C,9n,2C,,未デコード,公式入力を渡してもアクションなし。
426,PAD,P14,PAGE ▶ (*1),+SHIFT,HOT CUE mode,1/2/3/4,IN/OUT,9n,09,9n,09,,未デコード,公式入力を渡してもアクションなし。
427,PAD,P14,PAGE ▶ (*1),,PAD FX mode 1,1/2/3/4,IN/OUT,9n,2D,9n,2D,,未デコード,公式入力を渡してもアクションなし。
428,PAD,P14,PAGE ▶ (*1),+SHIFT,PAD FX mode 1,1/2/3/4,IN/OUT,9n,7A,9n,7A,,未デコード,公式入力を渡してもアクションなし。
429,PAD,P14,PAGE ▶ (*1),,BEAT JUMP mode,1/2/3/4,IN/OUT,9n,2E,9n,2E,jumpRangeUp,部分実装,PAD FX 1/2の別設定なし。PAGEはBEAT JUMP通常2入力だけ範囲変更に使用。
430,PAD,P14,PAGE ▶ (*1),+SHIFT,BEAT JUMP mode,1/2/3/4,IN/OUT,9n,7B,9n,7B,,未デコード,公式入力を渡してもアクションなし。
431,PAD,P14,PAGE ▶ (*1),,SAMPLER mode,1/2/3/4,IN/OUT,9n,2F,9n,2F,,未デコード,公式入力を渡してもアクションなし。
432,PAD,P14,PAGE ▶ (*1),+SHIFT,SAMPLER mode,1/2/3/4,IN/OUT,9n,7C,9n,7C,,未デコード,公式入力を渡してもアクションなし。
433,PAD,P14,PAGE ▶ (*1),,KEYBOARD mode,1/2/3/4,IN/OUT,9n,30,9n,30,,未デコード,公式入力を渡してもアクションなし。
434,PAD,P14,PAGE ▶ (*1),+SHIFT,KEYBOARD mode,1/2/3/4,IN/OUT,9n,7D,9n,7D,,未デコード,公式入力を渡してもアクションなし。
435,PAD,P14,PAGE ▶ (*1),,PAD FX mode 2,1/2/3/4,IN/OUT,9n,31,9n,31,,未デコード,公式入力を渡してもアクションなし。
436,PAD,P14,PAGE ▶ (*1),+SHIFT,PAD FX mode 2,1/2/3/4,IN/OUT,9n,7E,9n,7E,,未デコード,公式入力を渡してもアクションなし。
437,PAD,P14,PAGE ▶ (*1),,BEAT LOOP mode,1/2/3/4,IN/OUT,9n,32,9n,32,,未デコード,公式入力を渡してもアクションなし。
438,PAD,P14,PAGE ▶ (*1),+SHIFT,BEAT LOOP mode,1/2/3/4,IN/OUT,9n,7F,9n,7F,,未デコード,公式入力を渡してもアクションなし。
439,PAD,P14,PAGE ▶ (*1),,KEY SHIFT mode,1/2/3/4,IN/OUT,9n,33,9n,33,,未デコード,公式入力を渡してもアクションなし。
440,PAD,P14,PAGE ▶ (*1),+SHIFT,KEY SHIFT mode,1/2/3/4,IN/OUT,9n,00,9n,00,,未デコード,公式入力を渡してもアクションなし。
441,Illumination Control,,Current position bar,,for JOG display (*2),1/2/3/4,OUT,,,Bn,14 / 34,,出力別途監査,位置表示あり。MIDIは1800ms周期の計算、HIDは位置データ。
442,Illumination Control,,BPM value,,for JOG display (*2),1/2/3/4,OUT,,,Bn,15 / 35,,出力別途監査,MIDI上限999.9とHID上限255.9が異なる。
443,Illumination Control,,Playing speed,,for JOG display (*2),1/2/3/4,OUT,,,Bn,16 / 36,,出力別途監査,MIDIはrateを送るがHID中は抑制。HIDに速度数値表示の実装なし。
444,Illumination Control,,Current time (minute),,for JOG display (*2),1/2/3/4,OUT,,,9n,42,,出力別途監査,経過分あり。
445,Illumination Control,,Current time (second),,for JOG display (*2),1/2/3/4,OUT,,,9n,43,,出力別途監査,経過秒あり。
446,Illumination Control,,Time mode,,for JOG display (*2),1/2/3/4,OUT,,,9n,44,,出力別途監査,elapsed固定、remaining切替なし。
447,Illumination Control,,Cue marker,,for JOG display (*2),1/2/3/4,OUT,,,Bn,17 / 37,,出力別途監査,MIDI未送信。HIDは先頭hotcue/beatで代用し、一時CUE位置ではない。
448,Illumination Control,,Key value,,for JOG display (*2),1/2/3/4,OUT,,,9n,49,,出力別途監査,MIDI未送信。HIDにもキー情報を渡していない。
449,Illumination Control,,Key variation,,for JOG display (*2),1/2/3/4,OUT,,,9n,4A,,出力別途監査,MIDI未送信。HIDは0x0d固定。
450,Illumination Control,,Beat Sync Master,,for JOG display (*2),1/2/3/4,OUT,,,9n,59,,出力別途監査,MIDI出力あり。ただしHID中抑制、HIDのmasterフィールド未使用。
451,Illumination Control,,Beat Sync State,,for JOG display (*2),1/2/3/4,OUT,,,9n,5A,,出力別途監査,MIDI出力あり。ただしHID中抑制、HIDにsyncEnabledなし。
452,Illumination Control,,JOG Ring LED State,,for JOG display (*2),1/2/3/4,OUT,,,9n,5B,,出力別途監査,MIDI出力、HID接続時点灯あり。
453,Illumination Control,,Display/hide information on the jog dial display,,for JOG display (*2),1/2/3/4,OUT,,,9n,5D,,出力別途監査,MIDI出力、HID接続時表示/lease失効時空デッキあり。
